SECID,BOARDID,SHORTNAME,PREVPRICE,LOTSIZE,FACEVALUE,STATUS,BOARDNAME,DECIMALS,SECNAME,REMARKS,MARKETCODE,INSTRID,SECTORID,MINSTEP,PREVWAPRICE,FACEUNIT,PREVDATE,ISSUESIZE,ISIN,LATNAME,REGNUMBER,PREVLEGALCLOSEPRICE,CURRENCYID,SECTYPE,LISTLEVEL,SETTLEDATE,DATE
GAZP,TQBR,ГАЗПРОМ ао,137.84,10,5,A,Т+: Акции и ДР - безадрес.,2,"""Газпром"" (ПАО) ао",,FNDT,EQIN,,0.01,136.66,SUR,2025-01-23,23673512900,RU0007661625,Gazprom,1-02-00028-A,136.1,SUR,1,1,2025-01-27,2023-01-01
GAZP,TQBR,ГАЗПРОМ ао,137.84,10,5,A,Т+: Акции и ДР - безадрес.,2,"""Газпром"" (ПАО) ао",,FNDT,EQIN,,0.01,136.66,SUR,2025-01-23,23673512900,RU0007661625,Gazprom,1-02-00028-A,136.1,SUR,1,1,2025-01-27,2023-01-02
GAZP,TQBR,ГАЗПРОМ ао,137.84,10,5,A,Т+: Акции и ДР - безадрес.,2,"""Газпром"" (ПАО) ао",,FNDT,EQIN,,0.01,136.66,SUR,2025-01-23,23673512900,RU0007661625,Gazprom,1-02-00028-A,136.1,SUR,1,1,2025-01-27,2023-01-03
GAZP,TQBR,ГАЗПРОМ ао,137.84,10,5,A,Т+: Акции и ДР - безадрес.,2,"""Газпром"" (ПАО) ао",,FNDT,EQIN,,0.01,136.66,SUR,2025-01-23,23673512900,RU0007661625,Gazprom,1-02-00028-A,136.1,SUR,1,1,2025-01-27,2023-01-04
GAZP,TQBR,ГАЗПРОМ ао,137.84,10,5,A,Т+: Акции и ДР - безадрес.,2,"""Газпром"" (ПАО) ао",,FNDT,EQIN,,0.01,136.66,SUR,2025-01-23,23673512900,RU0007661625,Gazprom,1-02-00028-A,136.1,SUR,1,1,2025-01-27,2023-01-05
GAZP,TQBR,ГАЗПРОМ ао,137.84,10,5,A,Т+: Акции и ДР - безадрес.,2,"""Газпром"" (ПАО) ао",,FNDT,EQIN,,0.01,136.66,SUR,2025-01-23,23673512900,RU0007661625,Gazprom,1-02-00028-A,136.1,SUR,1,1,2025-01-27,2023-01-06
GAZP,TQBR,ГАЗПРОМ ао,137.84,10,5,A,Т+: Акции и ДР - безадрес.,2,"""Газпром"" (ПАО) ао",,FNDT,EQIN,,0.01,136.66,SUR,2025-01-23,23673512900,RU0007661625,Gazprom,1-02-00028-A,136.1,SUR,1,1,2025-01-27,2023-01-07
GAZP,TQBR,ГАЗПРОМ ао,137.84,10,5,A,Т+: Акции и ДР - безадрес.,2,"""Газпром"" (ПАО) ао",,FNDT,EQIN,,0.01,136.66,SUR,2025-01-23,23673512900,RU0007661625,Gazprom,1-02-00028-A,136.1,SUR,1,1,2025-01-27,2023-01-08
GAZP,TQBR,ГАЗПРОМ ао,137.84,10,5,A,Т+: Акции и ДР - безадрес.,2,"""Газпром"" (ПАО) ао",,FNDT,EQIN,,0.01,136.66,SUR,2025-01-23,23673512900,RU0007661625,Gazprom,1-02-00028-A,136.1,SUR,1,1,2025-01-27,2023-01-09
GAZP,TQBR,ГАЗПРОМ ао,137.84,10,5,A,Т+: Акции и ДР - безадрес.,2,"""Газпром"" (ПАО) ао",,FNDT,EQIN,,0.01,136.66,SUR,2025-01-23,23673512900,RU0007661625,Gazprom,1-02-00028-A,136.1,SUR,1,1,2025-01-27,2023-01-10
GAZP,TQBR,ГАЗПРОМ ао,137.84,10,5,A,Т+: Акции и ДР - безадрес.,2,"""Газпром"" (ПАО) ао",,FNDT,EQIN,,0.01,136.66,SUR,2025-01-23,23673512900,RU0007661625,Gazprom,1-02-00028-A,136.1,SUR,1,1,2025-01-27,2023-01-11
GAZP,TQBR,ГАЗПРОМ ао,137.84,10,5,A,Т+: Акции и ДР - безадрес.,2,"""Газпром"" (ПАО) ао",,FNDT,EQIN,,0.01,136.66,SUR,2025-01-23,23673512900,RU0007661625,Gazprom,1-02-00028-A,136.1,SUR,1,1,2025-01-27,2023-01-12
GAZP,TQBR,ГАЗПРОМ ао,137.84,10,5,A,Т+: Акции и ДР - безадрес.,2,"""Газпром"" (ПАО) ао",,FNDT,EQIN,,0.01,136.66,SUR,2025-01-23,23673512900,RU0007661625,Gazprom,1-02-00028-A,136.1,SUR,1,1,2025-01-27,2023-01-13
GAZP,TQBR,ГАЗПРОМ ао,137.84,10,5,A,Т+: Акции и ДР - безадрес.,2,"""Газпром"" (ПАО) ао",,FNDT,EQIN,,0.01,136.66,SUR,2025-01-23,23673512900,RU0007661625,Gazprom,1-02-00028-A,136.1,SUR,1,1,2025-01-27,2023-01-14
GAZP,TQBR,ГАЗПРОМ ао,137.84,10,5,A,Т+: Акции и ДР - безадрес.,2,"""Газпром"" (ПАО) ао",,FNDT,EQIN,,0.01,136.66,SUR,2025-01-23,23673512900,RU0007661625,Gazprom,1-02-00028-A,136.1,SUR,1,1,2025-01-27,2023-01-15
GAZP,TQBR,ГАЗПРОМ ао,137.84,10,5,A,Т+: Акции и ДР - безадрес.,2,"""Газпром"" (ПАО) ао",,FNDT,EQIN,,0.01,136.66,SUR,2025-01-23,23673512900,RU0007661625,Gazprom,1-02-00028-A,136.1,SUR,1,1,2025-01-27,2023-01-16
GAZP,TQBR,ГАЗПРОМ ао,137.84,10,5,A,Т+: Акции и ДР - безадрес.,2,"""Газпром"" (ПАО) ао",,FNDT,EQIN,,0.01,136.66,SUR,2025-01-23,23673512900,RU0007661625,Gazprom,1-02-00028-A,136.1,SUR,1,1,2025-01-27,2023-01-17
GAZP,TQBR,ГАЗПРОМ ао,137.84,10,5,A,Т+: Акции и ДР - безадрес.,2,"""Газпром"" (ПАО) ао",,FNDT,EQIN,,0.01,136.66,SUR,2025-01-23,23673512900,RU0007661625,Gazprom,1-02-00028-A,136.1,SUR,1,1,2025-01-27,2023-01-18
GAZP,TQBR,ГАЗПРОМ ао,137.84,10,5,A,Т+: Акции и ДР - безадрес.,2,"""Газпром"" (ПАО) ао",,FNDT,EQIN,,0.01,136.66,SUR,2025-01-23,23673512900,RU0007661625,Gazprom,1-02-00028-A,136.1,SUR,1,1,2025-01-27,2023-01-19
GAZP,TQBR,ГАЗПРОМ ао,137.84,10,5,A,Т+: Акции и ДР - безадрес.,2,"""Газпром"" (ПАО) ао",,FNDT,EQIN,,0.01,136.66,SUR,2025-01-23,23673512900,RU0007661625,Gazprom,1-02-00028-A,136.1,SUR,1,1,2025-01-27,2023-01-20
GAZP,TQBR,ГАЗПРОМ ао,137.84,10,5,A,Т+: Акции и ДР - безадрес.,2,"""Газпром"" (ПАО) ао",,FNDT,EQIN,,0.01,136.66,SUR,2025-01-23,23673512900,RU0007661625,Gazprom,1-02-00028-A,136.1,SUR,1,1,2025-01-27,2023-01-21
GAZP,TQBR,ГАЗПРОМ ао,137.84,10,5,A,Т+: Акции и ДР - безадрес.,2,"""Газпром"" (ПАО) ао",,FNDT,EQIN,,0.01,136.66,SUR,2025-01-23,23673512900,RU0007661625,Gazprom,1-02-00028-A,136.1,SUR,1,1,2025-01-27,2023-01-22
GAZP,TQBR,ГАЗПРОМ ао,137.84,10,5,A,Т+: Акции и ДР - безадрес.,2,"""Газпром"" (ПАО) ао",,FNDT,EQIN,,0.01,136.66,SUR,2025-01-23,23673512900,RU0007661625,Gazprom,1-02-00028-A,136.1,SUR,1,1,2025-01-27,2023-01-23
GAZP,TQBR,ГАЗПРОМ ао,137.84,10,5,A,Т+: Акции и ДР - безадрес.,2,"""Газпром"" (ПАО) ао",,FNDT,EQIN,,0.01,136.66,SUR,2025-01-23,23673512900,RU0007661625,Gazprom,1-02-00028-A,136.1,SUR,1,1,2025-01-27,2023-01-24
GAZP,TQBR,ГАЗПРОМ ао,137.84,10,5,A,Т+: Акции и ДР - безадрес.,2,"""Газпром"" (ПАО) ао",,FNDT,EQIN,,0.01,136.66,SUR,2025-01-23,23673512900,RU0007661625,Gazprom,1-02-00028-A,136.1,SUR,1,1,2025-01-27,2023-01-25
GAZP,TQBR,ГАЗПРОМ ао,137.84,10,5,A,Т+: Акции и ДР - безадрес.,2,"""Газпром"" (ПАО) ао",,FNDT,EQIN,,0.01,136.66,SUR,2025-01-23,23673512900,RU0007661625,Gazprom,1-02-00028-A,136.1,SUR,1,1,2025-01-27,2023-01-26
GAZP,TQBR,ГАЗПРОМ ао,137.84,10,5,A,Т+: Акции и ДР - безадрес.,2,"""Газпром"" (ПАО) ао",,FNDT,EQIN,,0.01,136.66,SUR,2025-01-23,23673512900,RU0007661625,Gazprom,1-02-00028-A,136.1,SUR,1,1,2025-01-27,2023-01-27
GAZP,TQBR,ГАЗПРОМ ао,137.84,10,5,A,Т+: Акции и ДР - безадрес.,2,"""Газпром"" (ПАО) ао",,FNDT,EQIN,,0.01,136.66,SUR,2025-01-23,23673512900,RU0007661625,Gazprom,1-02-00028-A,136.1,SUR,1,1,2025-01-27,2023-01-28
GAZP,TQBR,ГАЗПРОМ ао,137.84,10,5,A,Т+: Акции и ДР - безадрес.,2,"""Газпром"" (ПАО) ао",,FNDT,EQIN,,0.01,136.66,SUR,2025-01-23,23673512900,RU0007661625,Gazprom,1-02-00028-A,136.1,SUR,1,1,2025-01-27,2023-01-29
GAZP,TQBR,ГАЗПРОМ ао,137.84,10,5,A,Т+: Акции и ДР - безадрес.,2,"""Газпром"" (ПАО) ао",,FNDT,EQIN,,0.01,136.66,SUR,2025-01-23,23673512900,RU0007661625,Gazprom,1-02-00028-A,136.1,SUR,1,1,2025-01-27,2023-01-30
GAZP,TQBR,ГАЗПРОМ ао,137.84,10,5,A,Т+: Акции и ДР - безадрес.,2,"""Газпром"" (ПАО) ао",,FNDT,EQIN,,0.01,136.66,SUR,2025-01-23,23673512900,RU0007661625,Gazprom,1-02-00028-A,136.1,SUR,1,1,2025-01-27,2023-01-31
GAZP,TQBR,ГАЗПРОМ ао,137.84,10,5,A,Т+: Акции и ДР - безадрес.,2,"""Газпром"" (ПАО) ао",,FNDT,EQIN,,0.01,136.66,SUR,2025-01-23,23673512900,RU0007661625,Gazprom,1-02-00028-A,136.1,SUR,1,1,2025-01-27,2023-02-01
GAZP,TQBR,ГАЗПРОМ ао,137.84,10,5,A,Т+: Акции и ДР - безадрес.,2,"""Газпром"" (ПАО) ао",,FNDT,EQIN,,0.01,136.66,SUR,2025-01-23,23673512900,RU0007661625,Gazprom,1-02-00028-A,136.1,SUR,1,1,2025-01-27,2023-02-02
GAZP,TQBR,ГАЗПРОМ ао,137.84,10,5,A,Т+: Акции и ДР - безадрес.,2,"""Газпром"" (ПАО) ао",,FNDT,EQIN,,0.01,136.66,SUR,2025-01-23,23673512900,RU0007661625,Gazprom,1-02-00028-A,136.1,SUR,1,1,2025-01-27,2023-02-03
GAZP,TQBR,ГАЗПРОМ ао,137.84,10,5,A,Т+: Акции и ДР - безадрес.,2,"""Газпром"" (ПАО) ао",,FNDT,EQIN,,0.01,136.66,SUR,2025-01-23,23673512900,RU0007661625,Gazprom,1-02-00028-A,136.1,SUR,1,1,2025-01-27,2023-02-04
GAZP,TQBR,ГАЗПРОМ ао,137.84,10,5,A,Т+: Акции и ДР - безадрес.,2,"""Газпром"" (ПАО) ао",,FNDT,EQIN,,0.01,136.66,SUR,2025-01-23,23673512900,RU0007661625,Gazprom,1-02-00028-A,136.1,SUR,1,1,2025-01-27,2023-02-05
GAZP,TQBR,ГАЗПРОМ ао,137.84,10,5,A,Т+: Акции и ДР - безадрес.,2,"""Газпром"" (ПАО) ао",,FNDT,EQIN,,0.01,136.66,SUR,2025-01-23,23673512900,RU0007661625,Gazprom,1-02-00028-A,136.1,SUR,1,1,2025-01-27,2023-02-06
GAZP,TQBR,ГАЗПРОМ ао,137.84,10,5,A,Т+: Акции и ДР - безадрес.,2,"""Газпром"" (ПАО) ао",,FNDT,EQIN,,0.01,136.66,SUR,2025-01-23,23673512900,RU0007661625,Gazprom,1-02-00028-A,136.1,SUR,1,1,2025-01-27,2023-02-07
GAZP,TQBR,ГАЗПРОМ ао,137.84,10,5,A,Т+: Акции и ДР - безадрес.,2,"""Газпром"" (ПАО) ао",,FNDT,EQIN,,0.01,136.66,SUR,2025-01-23,23673512900,RU0007661625,Gazprom,1-02-00028-A,136.1,SUR,1,1,2025-01-27,2023-02-08
GAZP,TQBR,ГАЗПРОМ ао,137.84,10,5,A,Т+: Акции и ДР - безадрес.,2,"""Газпром"" (ПАО) ао",,FNDT,EQIN,,0.01,136.66,SUR,2025-01-23,23673512900,RU0007661625,Gazprom,1-02-00028-A,136.1,SUR,1,1,2025-01-27,2023-02-09
GAZP,TQBR,ГАЗПРОМ ао,137.84,10,5,A,Т+: Акции и ДР - безадрес.,2,"""Газпром"" (ПАО) ао",,FNDT,EQIN,,0.01,136.66,SUR,2025-01-23,23673512900,RU0007661625,Gazprom,1-02-00028-A,136.1,SUR,1,1,2025-01-27,2023-02-10
GAZP,TQBR,ГАЗПРОМ ао,137.84,10,5,A,Т+: Акции и ДР - безадрес.,2,"""Газпром"" (ПАО) ао",,FNDT,EQIN,,0.01,136.66,SUR,2025-01-23,23673512900,RU0007661625,Gazprom,1-02-00028-A,136.1,SUR,1,1,2025-01-27,2023-02-11
GAZP,TQBR,ГАЗПРОМ ао,137.84,10,5,A,Т+: Акции и ДР - безадрес.,2,"""Газпром"" (ПАО) ао",,FNDT,EQIN,,0.01,136.66,SUR,2025-01-23,23673512900,RU0007661625,Gazprom,1-02-00028-A,136.1,SUR,1,1,2025-01-27,2023-02-12
GAZP,TQBR,ГАЗПРОМ ао,137.84,10,5,A,Т+: Акции и ДР - безадрес.,2,"""Газпром"" (ПАО) ао",,FNDT,EQIN,,0.01,136.66,SUR,2025-01-23,23673512900,RU0007661625,Gazprom,1-02-00028-A,136.1,SUR,1,1,2025-01-27,2023-02-13
GAZP,TQBR,ГАЗПРОМ ао,137.84,10,5,A,Т+: Акции и ДР - безадрес.,2,"""Газпром"" (ПАО) ао",,FNDT,EQIN,,0.01,136.66,SUR,2025-01-23,23673512900,RU0007661625,Gazprom,1-02-00028-A,136.1,SUR,1,1,2025-01-27,2023-02-14
GAZP,TQBR,ГАЗПРОМ ао,137.84,10,5,A,Т+: Акции и ДР - безадрес.,2,"""Газпром"" (ПАО) ао",,FNDT,EQIN,,0.01,136.66,SUR,2025-01-23,23673512900,RU0007661625,Gazprom,1-02-00028-A,136.1,SUR,1,1,2025-01-27,2023-02-15
GAZP,TQBR,ГАЗПРОМ ао,137.84,10,5,A,Т+: Акции и ДР - безадрес.,2,"""Газпром"" (ПАО) ао",,FNDT,EQIN,,0.01,136.66,SUR,2025-01-23,23673512900,RU0007661625,Gazprom,1-02-00028-A,136.1,SUR,1,1,2025-01-27,2023-02-16
GAZP,TQBR,ГАЗПРОМ ао,137.84,10,5,A,Т+: Акции и ДР - безадрес.,2,"""Газпром"" (ПАО) ао",,FNDT,EQIN,,0.01,136.66,SUR,2025-01-23,23673512900,RU0007661625,Gazprom,1-02-00028-A,136.1,SUR,1,1,2025-01-27,2023-02-17
GAZP,TQBR,ГАЗПРОМ ао,137.84,10,5,A,Т+: Акции и ДР - безадрес.,2,"""Газпром"" (ПАО) ао",,FNDT,EQIN,,0.01,136.66,SUR,2025-01-23,23673512900,RU0007661625,Gazprom,1-02-00028-A,136.1,SUR,1,1,2025-01-27,2023-02-18
GAZP,TQBR,ГАЗПРОМ ао,137.84,10,5,A,Т+: Акции и ДР - безадрес.,2,"""Газпром"" (ПАО) ао",,FNDT,EQIN,,0.01,136.66,SUR,2025-01-23,23673512900,RU0007661625,Gazprom,1-02-00028-A,136.1,SUR,1,1,2025-01-27,2023-02-19
GAZP,TQBR,ГАЗПРОМ ао,137.84,10,5,A,Т+: Акции и ДР - безадрес.,2,"""Газпром"" (ПАО) ао",,FNDT,EQIN,,0.01,136.66,SUR,2025-01-23,23673512900,RU0007661625,Gazprom,1-02-00028-A,136.1,SUR,1,1,2025-01-27,2023-02-20
GAZP,TQBR,ГАЗПРОМ ао,137.84,10,5,A,Т+: Акции и ДР - безадрес.,2,"""Газпром"" (ПАО) ао",,FNDT,EQIN,,0.01,136.66,SUR,2025-01-23,23673512900,RU0007661625,Gazprom,1-02-00028-A,136.1,SUR,1,1,2025-01-27,2023-02-21
GAZP,TQBR,ГАЗПРОМ ао,137.84,10,5,A,Т+: Акции и ДР - безадрес.,2,"""Газпром"" (ПАО) ао",,FNDT,EQIN,,0.01,136.66,SUR,2025-01-23,23673512900,RU0007661625,Gazprom,1-02-00028-A,136.1,SUR,1,1,2025-01-27,2023-02-22
GAZP,TQBR,ГАЗПРОМ ао,137.84,10,5,A,Т+: Акции и ДР - безадрес.,2,"""Газпром"" (ПАО) ао",,FNDT,EQIN,,0.01,136.66,SUR,2025-01-23,23673512900,RU0007661625,Gazprom,1-02-00028-A,136.1,SUR,1,1,2025-01-27,2023-02-23
GAZP,TQBR,ГАЗПРОМ ао,137.84,10,5,A,Т+: Акции и ДР - безадрес.,2,"""Газпром"" (ПАО) ао",,FNDT,EQIN,,0.01,136.66,SUR,2025-01-23,23673512900,RU0007661625,Gazprom,1-02-00028-A,136.1,SUR,1,1,2025-01-27,2023-02-24
GAZP,TQBR,ГАЗПРОМ ао,137.84,10,5,A,Т+: Акции и ДР - безадрес.,2,"""Газпром"" (ПАО) ао",,FNDT,EQIN,,0.01,136.66,SUR,2025-01-23,23673512900,RU0007661625,Gazprom,1-02-00028-A,136.1,SUR,1,1,2025-01-27,2023-02-25
GAZP,TQBR,ГАЗПРОМ ао,137.84,10,5,A,Т+: Акции и ДР - безадрес.,2,"""Газпром"" (ПАО) ао",,FNDT,EQIN,,0.01,136.66,SUR,2025-01-23,23673512900,RU0007661625,Gazprom,1-02-00028-A,136.1,SUR,1,1,2025-01-27,2023-02-26
GAZP,TQBR,ГАЗПРОМ ао,137.84,10,5,A,Т+: Акции и ДР - безадрес.,2,"""Газпром"" (ПАО) ао",,FNDT,EQIN,,0.01,136.66,SUR,2025-01-23,23673512900,RU0007661625,Gazprom,1-02-00028-A,136.1,SUR,1,1,2025-01-27,2023-02-27
GAZP,TQBR,ГАЗПРОМ ао,137.84,10,5,A,Т+: Акции и ДР - безадрес.,2,"""Газпром"" (ПАО) ао",,FNDT,EQIN,,0.01,136.66,SUR,2025-01-23,23673512900,RU0007661625,Gazprom,1-02-00028-A,136.1,SUR,1,1,2025-01-27,2023-02-28
GAZP,TQBR,ГАЗПРОМ ао,137.84,10,5,A,Т+: Акции и ДР - безадрес.,2,"""Газпром"" (ПАО) ао",,FNDT,EQIN,,0.01,136.66,SUR,2025-01-23,23673512900,RU0007661625,Gazprom,1-02-00028-A,136.1,SUR,1,1,2025-01-27,2023-03-01
GAZP,TQBR,ГАЗПРОМ ао,137.84,10,5,A,Т+: Акции и ДР - безадрес.,2,"""Газпром"" (ПАО) ао",,FNDT,EQIN,,0.01,136.66,SUR,2025-01-23,23673512900,RU0007661625,Gazprom,1-02-00028-A,136.1,SUR,1,1,2025-01-27,2023-03-02
GAZP,TQBR,ГАЗПРОМ ао,137.84,10,5,A,Т+: Акции и ДР - безадрес.,2,"""Газпром"" (ПАО) ао",,FNDT,EQIN,,0.01,136.66,SUR,2025-01-23,23673512900,RU0007661625,Gazprom,1-02-00028-A,136.1,SUR,1,1,2025-01-27,2023-03-03
GAZP,TQBR,ГАЗПРОМ ао,137.84,10,5,A,Т+: Акции и ДР - безадрес.,2,"""Газпром"" (ПАО) ао",,FNDT,EQIN,,0.01,136.66,SUR,2025-01-23,23673512900,RU0007661625,Gazprom,1-02-00028-A,136.1,SUR,1,1,2025-01-27,2023-03-04
GAZP,TQBR,ГАЗПРОМ ао,137.84,10,5,A,Т+: Акции и ДР - безадрес.,2,"""Газпром"" (ПАО) ао",,FNDT,EQIN,,0.01,136.66,SUR,2025-01-23,23673512900,RU0007661625,Gazprom,1-02-00028-A,136.1,SUR,1,1,2025-01-27,2023-03-05
GAZP,TQBR,ГАЗПРОМ ао,137.84,10,5,A,Т+: Акции и ДР - безадрес.,2,"""Газпром"" (ПАО) ао",,FNDT,EQIN,,0.01,136.66,SUR,2025-01-23,23673512900,RU0007661625,Gazprom,1-02-00028-A,136.1,SUR,1,1,2025-01-27,2023-03-06
GAZP,TQBR,ГАЗПРОМ ао,137.84,10,5,A,Т+: Акции и ДР - безадрес.,2,"""Газпром"" (ПАО) ао",,FNDT,EQIN,,0.01,136.66,SUR,2025-01-23,23673512900,RU0007661625,Gazprom,1-02-00028-A,136.1,SUR,1,1,2025-01-27,2023-03-07
GAZP,TQBR,ГАЗПРОМ ао,137.84,10,5,A,Т+: Акции и ДР - безадрес.,2,"""Газпром"" (ПАО) ао",,FNDT,EQIN,,0.01,136.66,SUR,2025-01-23,23673512900,RU0007661625,Gazprom,1-02-00028-A,136.1,SUR,1,1,2025-01-27,2023-03-08
GAZP,TQBR,ГАЗПРОМ ао,137.84,10,5,A,Т+: Акции и ДР - безадрес.,2,"""Газпром"" (ПАО) ао",,FNDT,EQIN,,0.01,136.66,SUR,2025-01-23,23673512900,RU0007661625,Gazprom,1-02-00028-A,136.1,SUR,1,1,2025-01-27,2023-03-09
GAZP,TQBR,ГАЗПРОМ ао,137.84,10,5,A,Т+: Акции и ДР - безадрес.,2,"""Газпром"" (ПАО) ао",,FNDT,EQIN,,0.01,136.66,SUR,2025-01-23,23673512900,RU0007661625,Gazprom,1-02-00028-A,136.1,SUR,1,1,2025-01-27,2023-03-10
GAZP,TQBR,ГАЗПРОМ ао,137.84,10,5,A,Т+: Акции и ДР - безадрес.,2,"""Газпром"" (ПАО) ао",,FNDT,EQIN,,0.01,136.66,SUR,2025-01-23,23673512900,RU0007661625,Gazprom,1-02-00028-A,136.1,SUR,1,1,2025-01-27,2023-03-11
GAZP,TQBR,ГАЗПРОМ ао,137.84,10,5,A,Т+: Акции и ДР - безадрес.,2,"""Газпром"" (ПАО) ао",,FNDT,EQIN,,0.01,136.66,SUR,2025-01-23,23673512900,RU0007661625,Gazprom,1-02-00028-A,136.1,SUR,1,1,2025-01-27,2023-03-12
GAZP,TQBR,ГАЗПРОМ ао,137.84,10,5,A,Т+: Акции и ДР - безадрес.,2,"""Газпром"" (ПАО) ао",,FNDT,EQIN,,0.01,136.66,SUR,2025-01-23,23673512900,RU0007661625,Gazprom,1-02-00028-A,136.1,SUR,1,1,2025-01-27,2023-03-13
GAZP,TQBR,ГАЗПРОМ ао,137.84,10,5,A,Т+: Акции и ДР - безадрес.,2,"""Газпром"" (ПАО) ао",,FNDT,EQIN,,0.01,136.66,SUR,2025-01-23,23673512900,RU0007661625,Gazprom,1-02-00028-A,136.1,SUR,1,1,2025-01-27,2023-03-14
GAZP,TQBR,ГАЗПРОМ ао,137.84,10,5,A,Т+: Акции и ДР - безадрес.,2,"""Газпром"" (ПАО) ао",,FNDT,EQIN,,0.01,136.66,SUR,2025-01-23,23673512900,RU0007661625,Gazprom,1-02-00028-A,136.1,SUR,1,1,2025-01-27,2023-03-15
GAZP,TQBR,ГАЗПРОМ ао,137.84,10,5,A,Т+: Акции и ДР - безадрес.,2,"""Газпром"" (ПАО) ао",,FNDT,EQIN,,0.01,136.66,SUR,2025-01-23,23673512900,RU0007661625,Gazprom,1-02-00028-A,136.1,SUR,1,1,2025-01-27,2023-03-16
GAZP,TQBR,ГАЗПРОМ ао,137.84,10,5,A,Т+: Акции и ДР - безадрес.,2,"""Газпром"" (ПАО) ао",,FNDT,EQIN,,0.01,136.66,SUR,2025-01-23,23673512900,RU0007661625,Gazprom,1-02-00028-A,136.1,SUR,1,1,2025-01-27,2023-03-17
GAZP,TQBR,ГАЗПРОМ ао,137.84,10,5,A,Т+: Акции и ДР - безадрес.,2,"""Газпром"" (ПАО) ао",,FNDT,EQIN,,0.01,136.66,SUR,2025-01-23,23673512900,RU0007661625,Gazprom,1-02-00028-A,136.1,SUR,1,1,2025-01-27,2023-03-18
GAZP,TQBR,ГАЗПРОМ ао,137.84,10,5,A,Т+: Акции и ДР - безадрес.,2,"""Газпром"" (ПАО) ао",,FNDT,EQIN,,0.01,136.66,SUR,2025-01-23,23673512900,RU0007661625,Gazprom,1-02-00028-A,136.1,SUR,1,1,2025-01-27,2023-03-19
GAZP,TQBR,ГАЗПРОМ ао,137.84,10,5,A,Т+: Акции и ДР - безадрес.,2,"""Газпром"" (ПАО) ао",,FNDT,EQIN,,0.01,136.66,SUR,2025-01-23,23673512900,RU0007661625,Gazprom,1-02-00028-A,136.1,SUR,1,1,2025-01-27,2023-03-20
GAZP,TQBR,ГАЗПРОМ ао,137.84,10,5,A,Т+: Акции и ДР - безадрес.,2,"""Газпром"" (ПАО) ао",,FNDT,EQIN,,0.01,136.66,SUR,2025-01-23,23673512900,RU0007661625,Gazprom,1-02-00028-A,136.1,SUR,1,1,2025-01-27,2023-03-21
GAZP,TQBR,ГАЗПРОМ ао,137.84,10,5,A,Т+: Акции и ДР - безадрес.,2,"""Газпром"" (ПАО) ао",,FNDT,EQIN,,0.01,136.66,SUR,2025-01-23,23673512900,RU0007661625,Gazprom,1-02-00028-A,136.1,SUR,1,1,2025-01-27,2023-03-22
GAZP,TQBR,ГАЗПРОМ ао,137.84,10,5,A,Т+: Акции и ДР - безадрес.,2,"""Газпром"" (ПАО) ао",,FNDT,EQIN,,0.01,136.66,SUR,2025-01-23,23673512900,RU0007661625,Gazprom,1-02-00028-A,136.1,SUR,1,1,2025-01-27,2023-03-23
GAZP,TQBR,ГАЗПРОМ ао,137.84,10,5,A,Т+: Акции и ДР - безадрес.,2,"""Газпром"" (ПАО) ао",,FNDT,EQIN,,0.01,136.66,SUR,2025-01-23,23673512900,RU0007661625,Gazprom,1-02-00028-A,136.1,SUR,1,1,2025-01-27,2023-03-24
GAZP,TQBR,ГАЗПРОМ ао,137.84,10,5,A,Т+: Акции и ДР - безадрес.,2,"""Газпром"" (ПАО) ао",,FNDT,EQIN,,0.01,136.66,SUR,2025-01-23,23673512900,RU0007661625,Gazprom,1-02-00028-A,136.1,SUR,1,1,2025-01-27,2023-03-25
GAZP,TQBR,ГАЗПРОМ ао,137.84,10,5,A,Т+: Акции и ДР - безадрес.,2,"""Газпром"" (ПАО) ао",,FNDT,EQIN,,0.01,136.66,SUR,2025-01-23,23673512900,RU0007661625,Gazprom,1-02-00028-A,136.1,SUR,1,1,2025-01-27,2023-03-26
GAZP,TQBR,ГАЗПРОМ ао,137.84,10,5,A,Т+: Акции и ДР - безадрес.,2,"""Газпром"" (ПАО) ао",,FNDT,EQIN,,0.01,136.66,SUR,2025-01-23,23673512900,RU0007661625,Gazprom,1-02-00028-A,136.1,SUR,1,1,2025-01-27,2023-03-27
GAZP,TQBR,ГАЗПРОМ ао,137.84,10,5,A,Т+: Акции и ДР - безадрес.,2,"""Газпром"" (ПАО) ао",,FNDT,EQIN,,0.01,136.66,SUR,2025-01-23,23673512900,RU0007661625,Gazprom,1-02-00028-A,136.1,SUR,1,1,2025-01-27,2023-03-28
GAZP,TQBR,ГАЗПРОМ ао,137.84,10,5,A,Т+: Акции и ДР - безадрес.,2,"""Газпром"" (ПАО) ао",,FNDT,EQIN,,0.01,136.66,SUR,2025-01-23,23673512900,RU0007661625,Gazprom,1-02-00028-A,136.1,SUR,1,1,2025-01-27,2023-03-29
GAZP,TQBR,ГАЗПРОМ ао,137.84,10,5,A,Т+: Акции и ДР - безадрес.,2,"""Газпром"" (ПАО) ао",,FNDT,EQIN,,0.01,136.66,SUR,2025-01-23,23673512900,RU0007661625,Gazprom,1-02-00028-A,136.1,SUR,1,1,2025-01-27,2023-03-30
GAZP,TQBR,ГАЗПРОМ ао,137.84,10,5,A,Т+: Акции и ДР - безадрес.,2,"""Газпром"" (ПАО) ао",,FNDT,EQIN,,0.01,136.66,SUR,2025-01-23,23673512900,RU0007661625,Gazprom,1-02-00028-A,136.1,SUR,1,1,2025-01-27,2023-03-31
GAZP,TQBR,ГАЗПРОМ ао,137.84,10,5,A,Т+: Акции и ДР - безадрес.,2,"""Газпром"" (ПАО) ао",,FNDT,EQIN,,0.01,136.66,SUR,2025-01-23,23673512900,RU0007661625,Gazprom,1-02-00028-A,136.1,SUR,1,1,2025-01-27,2023-04-01
GAZP,TQBR,ГАЗПРОМ ао,137.84,10,5,A,Т+: Акции и ДР - безадрес.,2,"""Газпром"" (ПАО) ао",,FNDT,EQIN,,0.01,136.66,SUR,2025-01-23,23673512900,RU0007661625,Gazprom,1-02-00028-A,136.1,SUR,1,1,2025-01-27,2023-04-02
GAZP,TQBR,ГАЗПРОМ ао,137.84,10,5,A,Т+: Акции и ДР - безадрес.,2,"""Газпром"" (ПАО) ао",,FNDT,EQIN,,0.01,136.66,SUR,2025-01-23,23673512900,RU0007661625,Gazprom,1-02-00028-A,136.1,SUR,1,1,2025-01-27,2023-04-03
GAZP,TQBR,ГАЗПРОМ ао,137.84,10,5,A,Т+: Акции и ДР - безадрес.,2,"""Газпром"" (ПАО) ао",,FNDT,EQIN,,0.01,136.66,SUR,2025-01-23,23673512900,RU0007661625,Gazprom,1-02-00028-A,136.1,SUR,1,1,2025-01-27,2023-04-04
GAZP,TQBR,ГАЗПРОМ ао,137.84,10,5,A,Т+: Акции и ДР - безадрес.,2,"""Газпром"" (ПАО) ао",,FNDT,EQIN,,0.01,136.66,SUR,2025-01-23,23673512900,RU0007661625,Gazprom,1-02-00028-A,136.1,SUR,1,1,2025-01-27,2023-04-05
GAZP,TQBR,ГАЗПРОМ ао,137.84,10,5,A,Т+: Акции и ДР - безадрес.,2,"""Газпром"" (ПАО) ао",,FNDT,EQIN,,0.01,136.66,SUR,2025-01-23,23673512900,RU0007661625,Gazprom,1-02-00028-A,136.1,SUR,1,1,2025-01-27,2023-04-06
GAZP,TQBR,ГАЗПРОМ ао,137.84,10,5,A,Т+: Акции и ДР - безадрес.,2,"""Газпром"" (ПАО) ао",,FNDT,EQIN,,0.01,136.66,SUR,2025-01-23,23673512900,RU0007661625,Gazprom,1-02-00028-A,136.1,SUR,1,1,2025-01-27,2023-04-07
GAZP,TQBR,ГАЗПРОМ ао,137.84,10,5,A,Т+: Акции и ДР - безадрес.,2,"""Газпром"" (ПАО) ао",,FNDT,EQIN,,0.01,136.66,SUR,2025-01-23,23673512900,RU0007661625,Gazprom,1-02-00028-A,136.1,SUR,1,1,2025-01-27,2023-04-08
GAZP,TQBR,ГАЗПРОМ ао,137.84,10,5,A,Т+: Акции и ДР - безадрес.,2,"""Газпром"" (ПАО) ао",,FNDT,EQIN,,0.01,136.66,SUR,2025-01-23,23673512900,RU0007661625,Gazprom,1-02-00028-A,136.1,SUR,1,1,2025-01-27,2023-04-09
GAZP,TQBR,ГАЗПРОМ ао,137.84,10,5,A,Т+: Акции и ДР - безадрес.,2,"""Газпром"" (ПАО) ао",,FNDT,EQIN,,0.01,136.66,SUR,2025-01-23,23673512900,RU0007661625,Gazprom,1-02-00028-A,136.1,SUR,1,1,2025-01-27,2023-04-10
GAZP,TQBR,ГАЗПРОМ ао,137.84,10,5,A,Т+: Акции и ДР - безадрес.,2,"""Газпром"" (ПАО) ао",,FNDT,EQIN,,0.01,136.66,SUR,2025-01-23,23673512900,RU0007661625,Gazprom,1-02-00028-A,136.1,SUR,1,1,2025-01-27,2023-04-11
GAZP,TQBR,ГАЗПРОМ ао,137.84,10,5,A,Т+: Акции и ДР - безадрес.,2,"""Газпром"" (ПАО) ао",,FNDT,EQIN,,0.01,136.66,SUR,2025-01-23,23673512900,RU0007661625,Gazprom,1-02-00028-A,136.1,SUR,1,1,2025-01-27,2023-04-12
GAZP,TQBR,ГАЗПРОМ ао,137.84,10,5,A,Т+: Акции и ДР - безадрес.,2,"""Газпром"" (ПАО) ао",,FNDT,EQIN,,0.01,136.66,SUR,2025-01-23,23673512900,RU0007661625,Gazprom,1-02-00028-A,136.1,SUR,1,1,2025-01-27,2023-04-13
GAZP,TQBR,ГАЗПРОМ ао,137.84,10,5,A,Т+: Акции и ДР - безадрес.,2,"""Газпром"" (ПАО) ао",,FNDT,EQIN,,0.01,136.66,SUR,2025-01-23,23673512900,RU0007661625,Gazprom,1-02-00028-A,136.1,SUR,1,1,2025-01-27,2023-04-14
GAZP,TQBR,ГАЗПРОМ ао,137.84,10,5,A,Т+: Акции и ДР - безадрес.,2,"""Газпром"" (ПАО) ао",,FNDT,EQIN,,0.01,136.66,SUR,2025-01-23,23673512900,RU0007661625,Gazprom,1-02-00028-A,136.1,SUR,1,1,2025-01-27,2023-04-15
GAZP,TQBR,ГАЗПРОМ ао,137.84,10,5,A,Т+: Акции и ДР - безадрес.,2,"""Газпром"" (ПАО) ао",,FNDT,EQIN,,0.01,136.66,SUR,2025-01-23,23673512900,RU0007661625,Gazprom,1-02-00028-A,136.1,SUR,1,1,2025-01-27,2023-04-16
GAZP,TQBR,ГАЗПРОМ ао,137.84,10,5,A,Т+: Акции и ДР - безадрес.,2,"""Газпром"" (ПАО) ао",,FNDT,EQIN,,0.01,136.66,SUR,2025-01-23,23673512900,RU0007661625,Gazprom,1-02-00028-A,136.1,SUR,1,1,2025-01-27,2023-04-17
GAZP,TQBR,ГАЗПРОМ ао,137.84,10,5,A,Т+: Акции и ДР - безадрес.,2,"""Газпром"" (ПАО) ао",,FNDT,EQIN,,0.01,136.66,SUR,2025-01-23,23673512900,RU0007661625,Gazprom,1-02-00028-A,136.1,SUR,1,1,2025-01-27,2023-04-18
GAZP,TQBR,ГАЗПРОМ ао,137.84,10,5,A,Т+: Акции и ДР - безадрес.,2,"""Газпром"" (ПАО) ао",,FNDT,EQIN,,0.01,136.66,SUR,2025-01-23,23673512900,RU0007661625,Gazprom,1-02-00028-A,136.1,SUR,1,1,2025-01-27,2023-04-19
GAZP,TQBR,ГАЗПРОМ ао,137.84,10,5,A,Т+: Акции и ДР - безадрес.,2,"""Газпром"" (ПАО) ао",,FNDT,EQIN,,0.01,136.66,SUR,2025-01-23,23673512900,RU0007661625,Gazprom,1-02-00028-A,136.1,SUR,1,1,2025-01-27,2023-04-20
GAZP,TQBR,ГАЗПРОМ ао,137.84,10,5,A,Т+: Акции и ДР - безадрес.,2,"""Газпром"" (ПАО) ао",,FNDT,EQIN,,0.01,136.66,SUR,2025-01-23,23673512900,RU0007661625,Gazprom,1-02-00028-A,136.1,SUR,1,1,2025-01-27,2023-04-21
GAZP,TQBR,ГАЗПРОМ ао,137.84,10,5,A,Т+: Акции и ДР - безадрес.,2,"""Газпром"" (ПАО) ао",,FNDT,EQIN,,0.01,136.66,SUR,2025-01-23,23673512900,RU0007661625,Gazprom,1-02-00028-A,136.1,SUR,1,1,2025-01-27,2023-04-22
GAZP,TQBR,ГАЗПРОМ ао,137.84,10,5,A,Т+: Акции и ДР - безадрес.,2,"""Газпром"" (ПАО) ао",,FNDT,EQIN,,0.01,136.66,SUR,2025-01-23,23673512900,RU0007661625,Gazprom,1-02-00028-A,136.1,SUR,1,1,2025-01-27,2023-04-23
GAZP,TQBR,ГАЗПРОМ ао,137.84,10,5,A,Т+: Акции и ДР - безадрес.,2,"""Газпром"" (ПАО) ао",,FNDT,EQIN,,0.01,136.66,SUR,2025-01-23,23673512900,RU0007661625,Gazprom,1-02-00028-A,136.1,SUR,1,1,2025-01-27,2023-04-24
GAZP,TQBR,ГАЗПРОМ ао,137.84,10,5,A,Т+: Акции и ДР - безадрес.,2,"""Газпром"" (ПАО) ао",,FNDT,EQIN,,0.01,136.66,SUR,2025-01-23,23673512900,RU0007661625,Gazprom,1-02-00028-A,136.1,SUR,1,1,2025-01-27,2023-04-25
GAZP,TQBR,ГАЗПРОМ ао,137.84,10,5,A,Т+: Акции и ДР - безадрес.,2,"""Газпром"" (ПАО) ао",,FNDT,EQIN,,0.01,136.66,SUR,2025-01-23,23673512900,RU0007661625,Gazprom,1-02-00028-A,136.1,SUR,1,1,2025-01-27,2023-04-26
GAZP,TQBR,ГАЗПРОМ ао,137.84,10,5,A,Т+: Акции и ДР - безадрес.,2,"""Газпром"" (ПАО) ао",,FNDT,EQIN,,0.01,136.66,SUR,2025-01-23,23673512900,RU0007661625,Gazprom,1-02-00028-A,136.1,SUR,1,1,2025-01-27,2023-04-27
GAZP,TQBR,ГАЗПРОМ ао,137.84,10,5,A,Т+: Акции и ДР - безадрес.,2,"""Газпром"" (ПАО) ао",,FNDT,EQIN,,0.01,136.66,SUR,2025-01-23,23673512900,RU0007661625,Gazprom,1-02-00028-A,136.1,SUR,1,1,2025-01-27,2023-04-28
GAZP,TQBR,ГАЗПРОМ ао,137.84,10,5,A,Т+: Акции и ДР - безадрес.,2,"""Газпром"" (ПАО) ао",,FNDT,EQIN,,0.01,136.66,SUR,2025-01-23,23673512900,RU0007661625,Gazprom,1-02-00028-A,136.1,SUR,1,1,2025-01-27,2023-04-29
GAZP,TQBR,ГАЗПРОМ ао,137.84,10,5,A,Т+: Акции и ДР - безадрес.,2,"""Газпром"" (ПАО) ао",,FNDT,EQIN,,0.01,136.66,SUR,2025-01-23,23673512900,RU0007661625,Gazprom,1-02-00028-A,136.1,SUR,1,1,2025-01-27,2023-04-30
GAZP,TQBR,ГАЗПРОМ ао,137.84,10,5,A,Т+: Акции и ДР - безадрес.,2,"""Газпром"" (ПАО) ао",,FNDT,EQIN,,0.01,136.66,SUR,2025-01-23,23673512900,RU0007661625,Gazprom,1-02-00028-A,136.1,SUR,1,1,2025-01-27,2023-05-01
GAZP,TQBR,ГАЗПРОМ ао,137.84,10,5,A,Т+: Акции и ДР - безадрес.,2,"""Газпром"" (ПАО) ао",,FNDT,EQIN,,0.01,136.66,SUR,2025-01-23,23673512900,RU0007661625,Gazprom,1-02-00028-A,136.1,SUR,1,1,2025-01-27,2023-05-02
GAZP,TQBR,ГАЗПРОМ ао,137.84,10,5,A,Т+: Акции и ДР - безадрес.,2,"""Газпром"" (ПАО) ао",,FNDT,EQIN,,0.01,136.66,SUR,2025-01-23,23673512900,RU0007661625,Gazprom,1-02-00028-A,136.1,SUR,1,1,2025-01-27,2023-05-03
GAZP,TQBR,ГАЗПРОМ ао,137.84,10,5,A,Т+: Акции и ДР - безадрес.,2,"""Газпром"" (ПАО) ао",,FNDT,EQIN,,0.01,136.66,SUR,2025-01-23,23673512900,RU0007661625,Gazprom,1-02-00028-A,136.1,SUR,1,1,2025-01-27,2023-05-04
GAZP,TQBR,ГАЗПРОМ ао,137.84,10,5,A,Т+: Акции и ДР - безадрес.,2,"""Газпром"" (ПАО) ао",,FNDT,EQIN,,0.01,136.66,SUR,2025-01-23,23673512900,RU0007661625,Gazprom,1-02-00028-A,136.1,SUR,1,1,2025-01-27,2023-05-05
GAZP,TQBR,ГАЗПРОМ ао,137.84,10,5,A,Т+: Акции и ДР - безадрес.,2,"""Газпром"" (ПАО) ао",,FNDT,EQIN,,0.01,136.66,SUR,2025-01-23,23673512900,RU0007661625,Gazprom,1-02-00028-A,136.1,SUR,1,1,2025-01-27,2023-05-06
GAZP,TQBR,ГАЗПРОМ ао,137.84,10,5,A,Т+: Акции и ДР - безадрес.,2,"""Газпром"" (ПАО) ао",,FNDT,EQIN,,0.01,136.66,SUR,2025-01-23,23673512900,RU0007661625,Gazprom,1-02-00028-A,136.1,SUR,1,1,2025-01-27,2023-05-07
GAZP,TQBR,ГАЗПРОМ ао,137.84,10,5,A,Т+: Акции и ДР - безадрес.,2,"""Газпром"" (ПАО) ао",,FNDT,EQIN,,0.01,136.66,SUR,2025-01-23,23673512900,RU0007661625,Gazprom,1-02-00028-A,136.1,SUR,1,1,2025-01-27,2023-05-08
GAZP,TQBR,ГАЗПРОМ ао,137.84,10,5,A,Т+: Акции и ДР - безадрес.,2,"""Газпром"" (ПАО) ао",,FNDT,EQIN,,0.01,136.66,SUR,2025-01-23,23673512900,RU0007661625,Gazprom,1-02-00028-A,136.1,SUR,1,1,2025-01-27,2023-05-09
GAZP,TQBR,ГАЗПРОМ ао,137.84,10,5,A,Т+: Акции и ДР - безадрес.,2,"""Газпром"" (ПАО) ао",,FNDT,EQIN,,0.01,136.66,SUR,2025-01-23,23673512900,RU0007661625,Gazprom,1-02-00028-A,136.1,SUR,1,1,2025-01-27,2023-05-10
GAZP,TQBR,ГАЗПРОМ ао,137.84,10,5,A,Т+: Акции и ДР - безадрес.,2,"""Газпром"" (ПАО) ао",,FNDT,EQIN,,0.01,136.66,SUR,2025-01-23,23673512900,RU0007661625,Gazprom,1-02-00028-A,136.1,SUR,1,1,2025-01-27,2023-05-11
GAZP,TQBR,ГАЗПРОМ ао,137.84,10,5,A,Т+: Акции и ДР - безадрес.,2,"""Газпром"" (ПАО) ао",,FNDT,EQIN,,0.01,136.66,SUR,2025-01-23,23673512900,RU0007661625,Gazprom,1-02-00028-A,136.1,SUR,1,1,2025-01-27,2023-05-12
GAZP,TQBR,ГАЗПРОМ ао,137.84,10,5,A,Т+: Акции и ДР - безадрес.,2,"""Газпром"" (ПАО) ао",,FNDT,EQIN,,0.01,136.66,SUR,2025-01-23,23673512900,RU0007661625,Gazprom,1-02-00028-A,136.1,SUR,1,1,2025-01-27,2023-05-13
GAZP,TQBR,ГАЗПРОМ ао,137.84,10,5,A,Т+: Акции и ДР - безадрес.,2,"""Газпром"" (ПАО) ао",,FNDT,EQIN,,0.01,136.66,SUR,2025-01-23,23673512900,RU0007661625,Gazprom,1-02-00028-A,136.1,SUR,1,1,2025-01-27,2023-05-14
GAZP,TQBR,ГАЗПРОМ ао,137.84,10,5,A,Т+: Акции и ДР - безадрес.,2,"""Газпром"" (ПАО) ао",,FNDT,EQIN,,0.01,136.66,SUR,2025-01-23,23673512900,RU0007661625,Gazprom,1-02-00028-A,136.1,SUR,1,1,2025-01-27,2023-05-15
GAZP,TQBR,ГАЗПРОМ ао,137.84,10,5,A,Т+: Акции и ДР - безадрес.,2,"""Газпром"" (ПАО) ао",,FNDT,EQIN,,0.01,136.66,SUR,2025-01-23,23673512900,RU0007661625,Gazprom,1-02-00028-A,136.1,SUR,1,1,2025-01-27,2023-05-16
GAZP,TQBR,ГАЗПРОМ ао,137.84,10,5,A,Т+: Акции и ДР - безадрес.,2,"""Газпром"" (ПАО) ао",,FNDT,EQIN,,0.01,136.66,SUR,2025-01-23,23673512900,RU0007661625,Gazprom,1-02-00028-A,136.1,SUR,1,1,2025-01-27,2023-05-17
GAZP,TQBR,ГАЗПРОМ ао,137.84,10,5,A,Т+: Акции и ДР - безадрес.,2,"""Газпром"" (ПАО) ао",,FNDT,EQIN,,0.01,136.66,SUR,2025-01-23,23673512900,RU0007661625,Gazprom,1-02-00028-A,136.1,SUR,1,1,2025-01-27,2023-05-18
GAZP,TQBR,ГАЗПРОМ ао,137.84,10,5,A,Т+: Акции и ДР - безадрес.,2,"""Газпром"" (ПАО) ао",,FNDT,EQIN,,0.01,136.66,SUR,2025-01-23,23673512900,RU0007661625,Gazprom,1-02-00028-A,136.1,SUR,1,1,2025-01-27,2023-05-19
GAZP,TQBR,ГАЗПРОМ ао,137.84,10,5,A,Т+: Акции и ДР - безадрес.,2,"""Газпром"" (ПАО) ао",,FNDT,EQIN,,0.01,136.66,SUR,2025-01-23,23673512900,RU0007661625,Gazprom,1-02-00028-A,136.1,SUR,1,1,2025-01-27,2023-05-20
GAZP,TQBR,ГАЗПРОМ ао,137.84,10,5,A,Т+: Акции и ДР - безадрес.,2,"""Газпром"" (ПАО) ао",,FNDT,EQIN,,0.01,136.66,SUR,2025-01-23,23673512900,RU0007661625,Gazprom,1-02-00028-A,136.1,SUR,1,1,2025-01-27,2023-05-21
GAZP,TQBR,ГАЗПРОМ ао,137.84,10,5,A,Т+: Акции и ДР - безадрес.,2,"""Газпром"" (ПАО) ао",,FNDT,EQIN,,0.01,136.66,SUR,2025-01-23,23673512900,RU0007661625,Gazprom,1-02-00028-A,136.1,SUR,1,1,2025-01-27,2023-05-22
GAZP,TQBR,ГАЗПРОМ ао,137.84,10,5,A,Т+: Акции и ДР - безадрес.,2,"""Газпром"" (ПАО) ао",,FNDT,EQIN,,0.01,136.66,SUR,2025-01-23,23673512900,RU0007661625,Gazprom,1-02-00028-A,136.1,SUR,1,1,2025-01-27,2023-05-23
GAZP,TQBR,ГАЗПРОМ ао,137.84,10,5,A,Т+: Акции и ДР - безадрес.,2,"""Газпром"" (ПАО) ао",,FNDT,EQIN,,0.01,136.66,SUR,2025-01-23,23673512900,RU0007661625,Gazprom,1-02-00028-A,136.1,SUR,1,1,2025-01-27,2023-05-24
GAZP,TQBR,ГАЗПРОМ ао,137.84,10,5,A,Т+: Акции и ДР - безадрес.,2,"""Газпром"" (ПАО) ао",,FNDT,EQIN,,0.01,136.66,SUR,2025-01-23,23673512900,RU0007661625,Gazprom,1-02-00028-A,136.1,SUR,1,1,2025-01-27,2023-05-25
GAZP,TQBR,ГАЗПРОМ ао,137.84,10,5,A,Т+: Акции и ДР - безадрес.,2,"""Газпром"" (ПАО) ао",,FNDT,EQIN,,0.01,136.66,SUR,2025-01-23,23673512900,RU0007661625,Gazprom,1-02-00028-A,136.1,SUR,1,1,2025-01-27,2023-05-26
GAZP,TQBR,ГАЗПРОМ ао,137.84,10,5,A,Т+: Акции и ДР - безадрес.,2,"""Газпром"" (ПАО) ао",,FNDT,EQIN,,0.01,136.66,SUR,2025-01-23,23673512900,RU0007661625,Gazprom,1-02-00028-A,136.1,SUR,1,1,2025-01-27,2023-05-27
GAZP,TQBR,ГАЗПРОМ ао,137.84,10,5,A,Т+: Акции и ДР - безадрес.,2,"""Газпром"" (ПАО) ао",,FNDT,EQIN,,0.01,136.66,SUR,2025-01-23,23673512900,RU0007661625,Gazprom,1-02-00028-A,136.1,SUR,1,1,2025-01-27,2023-05-28
GAZP,TQBR,ГАЗПРОМ ао,137.84,10,5,A,Т+: Акции и ДР - безадрес.,2,"""Газпром"" (ПАО) ао",,FNDT,EQIN,,0.01,136.66,SUR,2025-01-23,23673512900,RU0007661625,Gazprom,1-02-00028-A,136.1,SUR,1,1,2025-01-27,2023-05-29
GAZP,TQBR,ГАЗПРОМ ао,137.84,10,5,A,Т+: Акции и ДР - безадрес.,2,"""Газпром"" (ПАО) ао",,FNDT,EQIN,,0.01,136.66,SUR,2025-01-23,23673512900,RU0007661625,Gazprom,1-02-00028-A,136.1,SUR,1,1,2025-01-27,2023-05-30
GAZP,TQBR,ГАЗПРОМ ао,137.84,10,5,A,Т+: Акции и ДР - безадрес.,2,"""Газпром"" (ПАО) ао",,FNDT,EQIN,,0.01,136.66,SUR,2025-01-23,23673512900,RU0007661625,Gazprom,1-02-00028-A,136.1,SUR,1,1,2025-01-27,2023-05-31
GAZP,TQBR,ГАЗПРОМ ао,137.84,10,5,A,Т+: Акции и ДР - безадрес.,2,"""Газпром"" (ПАО) ао",,FNDT,EQIN,,0.01,136.66,SUR,2025-01-23,23673512900,RU0007661625,Gazprom,1-02-00028-A,136.1,SUR,1,1,2025-01-27,2023-06-01
GAZP,TQBR,ГАЗПРОМ ао,137.84,10,5,A,Т+: Акции и ДР - безадрес.,2,"""Газпром"" (ПАО) ао",,FNDT,EQIN,,0.01,136.66,SUR,2025-01-23,23673512900,RU0007661625,Gazprom,1-02-00028-A,136.1,SUR,1,1,2025-01-27,2023-06-02
GAZP,TQBR,ГАЗПРОМ ао,137.84,10,5,A,Т+: Акции и ДР - безадрес.,2,"""Газпром"" (ПАО) ао",,FNDT,EQIN,,0.01,136.66,SUR,2025-01-23,23673512900,RU0007661625,Gazprom,1-02-00028-A,136.1,SUR,1,1,2025-01-27,2023-06-03
GAZP,TQBR,ГАЗПРОМ ао,137.84,10,5,A,Т+: Акции и ДР - безадрес.,2,"""Газпром"" (ПАО) ао",,FNDT,EQIN,,0.01,136.66,SUR,2025-01-23,23673512900,RU0007661625,Gazprom,1-02-00028-A,136.1,SUR,1,1,2025-01-27,2023-06-04
GAZP,TQBR,ГАЗПРОМ ао,137.84,10,5,A,Т+: Акции и ДР - безадрес.,2,"""Газпром"" (ПАО) ао",,FNDT,EQIN,,0.01,136.66,SUR,2025-01-23,23673512900,RU0007661625,Gazprom,1-02-00028-A,136.1,SUR,1,1,2025-01-27,2023-06-05
GAZP,TQBR,ГАЗПРОМ ао,137.84,10,5,A,Т+: Акции и ДР - безадрес.,2,"""Газпром"" (ПАО) ао",,FNDT,EQIN,,0.01,136.66,SUR,2025-01-23,23673512900,RU0007661625,Gazprom,1-02-00028-A,136.1,SUR,1,1,2025-01-27,2023-06-06
GAZP,TQBR,ГАЗПРОМ ао,137.84,10,5,A,Т+: Акции и ДР - безадрес.,2,"""Газпром"" (ПАО) ао",,FNDT,EQIN,,0.01,136.66,SUR,2025-01-23,23673512900,RU0007661625,Gazprom,1-02-00028-A,136.1,SUR,1,1,2025-01-27,2023-06-07
GAZP,TQBR,ГАЗПРОМ ао,137.84,10,5,A,Т+: Акции и ДР - безадрес.,2,"""Газпром"" (ПАО) ао",,FNDT,EQIN,,0.01,136.66,SUR,2025-01-23,23673512900,RU0007661625,Gazprom,1-02-00028-A,136.1,SUR,1,1,2025-01-27,2023-06-08
GAZP,TQBR,ГАЗПРОМ ао,137.84,10,5,A,Т+: Акции и ДР - безадрес.,2,"""Газпром"" (ПАО) ао",,FNDT,EQIN,,0.01,136.66,SUR,2025-01-23,23673512900,RU0007661625,Gazprom,1-02-00028-A,136.1,SUR,1,1,2025-01-27,2023-06-09
GAZP,TQBR,ГАЗПРОМ ао,137.84,10,5,A,Т+: Акции и ДР - безадрес.,2,"""Газпром"" (ПАО) ао",,FNDT,EQIN,,0.01,136.66,SUR,2025-01-23,23673512900,RU0007661625,Gazprom,1-02-00028-A,136.1,SUR,1,1,2025-01-27,2023-06-10
GAZP,TQBR,ГАЗПРОМ ао,137.84,10,5,A,Т+: Акции и ДР - безадрес.,2,"""Газпром"" (ПАО) ао",,FNDT,EQIN,,0.01,136.66,SUR,2025-01-23,23673512900,RU0007661625,Gazprom,1-02-00028-A,136.1,SUR,1,1,2025-01-27,2023-06-11
GAZP,TQBR,ГАЗПРОМ ао,137.84,10,5,A,Т+: Акции и ДР - безадрес.,2,"""Газпром"" (ПАО) ао",,FNDT,EQIN,,0.01,136.66,SUR,2025-01-23,23673512900,RU0007661625,Gazprom,1-02-00028-A,136.1,SUR,1,1,2025-01-27,2023-06-12
GAZP,TQBR,ГАЗПРОМ ао,137.84,10,5,A,Т+: Акции и ДР - безадрес.,2,"""Газпром"" (ПАО) ао",,FNDT,EQIN,,0.01,136.66,SUR,2025-01-23,23673512900,RU0007661625,Gazprom,1-02-00028-A,136.1,SUR,1,1,2025-01-27,2023-06-13
GAZP,TQBR,ГАЗПРОМ ао,137.84,10,5,A,Т+: Акции и ДР - безадрес.,2,"""Газпром"" (ПАО) ао",,FNDT,EQIN,,0.01,136.66,SUR,2025-01-23,23673512900,RU0007661625,Gazprom,1-02-00028-A,136.1,SUR,1,1,2025-01-27,2023-06-14
GAZP,TQBR,ГАЗПРОМ ао,137.84,10,5,A,Т+: Акции и ДР - безадрес.,2,"""Газпром"" (ПАО) ао",,FNDT,EQIN,,0.01,136.66,SUR,2025-01-23,23673512900,RU0007661625,Gazprom,1-02-00028-A,136.1,SUR,1,1,2025-01-27,2023-06-15
GAZP,TQBR,ГАЗПРОМ ао,137.84,10,5,A,Т+: Акции и ДР - безадрес.,2,"""Газпром"" (ПАО) ао",,FNDT,EQIN,,0.01,136.66,SUR,2025-01-23,23673512900,RU0007661625,Gazprom,1-02-00028-A,136.1,SUR,1,1,2025-01-27,2023-06-16
GAZP,TQBR,ГАЗПРОМ ао,137.84,10,5,A,Т+: Акции и ДР - безадрес.,2,"""Газпром"" (ПАО) ао",,FNDT,EQIN,,0.01,136.66,SUR,2025-01-23,23673512900,RU0007661625,Gazprom,1-02-00028-A,136.1,SUR,1,1,2025-01-27,2023-06-17
GAZP,TQBR,ГАЗПРОМ ао,137.84,10,5,A,Т+: Акции и ДР - безадрес.,2,"""Газпром"" (ПАО) ао",,FNDT,EQIN,,0.01,136.66,SUR,2025-01-23,23673512900,RU0007661625,Gazprom,1-02-00028-A,136.1,SUR,1,1,2025-01-27,2023-06-18
GAZP,TQBR,ГАЗПРОМ ао,137.84,10,5,A,Т+: Акции и ДР - безадрес.,2,"""Газпром"" (ПАО) ао",,FNDT,EQIN,,0.01,136.66,SUR,2025-01-23,23673512900,RU0007661625,Gazprom,1-02-00028-A,136.1,SUR,1,1,2025-01-27,2023-06-19
GAZP,TQBR,ГАЗПРОМ ао,137.84,10,5,A,Т+: Акции и ДР - безадрес.,2,"""Газпром"" (ПАО) ао",,FNDT,EQIN,,0.01,136.66,SUR,2025-01-23,23673512900,RU0007661625,Gazprom,1-02-00028-A,136.1,SUR,1,1,2025-01-27,2023-06-20
GAZP,TQBR,ГАЗПРОМ ао,137.84,10,5,A,Т+: Акции и ДР - безадрес.,2,"""Газпром"" (ПАО) ао",,FNDT,EQIN,,0.01,136.66,SUR,2025-01-23,23673512900,RU0007661625,Gazprom,1-02-00028-A,136.1,SUR,1,1,2025-01-27,2023-06-21
GAZP,TQBR,ГАЗПРОМ ао,137.84,10,5,A,Т+: Акции и ДР - безадрес.,2,"""Газпром"" (ПАО) ао",,FNDT,EQIN,,0.01,136.66,SUR,2025-01-23,23673512900,RU0007661625,Gazprom,1-02-00028-A,136.1,SUR,1,1,2025-01-27,2023-06-22
GAZP,TQBR,ГАЗПРОМ ао,137.84,10,5,A,Т+: Акции и ДР - безадрес.,2,"""Газпром"" (ПАО) ао",,FNDT,EQIN,,0.01,136.66,SUR,2025-01-23,23673512900,RU0007661625,Gazprom,1-02-00028-A,136.1,SUR,1,1,2025-01-27,2023-06-23
GAZP,TQBR,ГАЗПРОМ ао,137.84,10,5,A,Т+: Акции и ДР - безадрес.,2,"""Газпром"" (ПАО) ао",,FNDT,EQIN,,0.01,136.66,SUR,2025-01-23,23673512900,RU0007661625,Gazprom,1-02-00028-A,136.1,SUR,1,1,2025-01-27,2023-06-24
GAZP,TQBR,ГАЗПРОМ ао,137.84,10,5,A,Т+: Акции и ДР - безадрес.,2,"""Газпром"" (ПАО) ао",,FNDT,EQIN,,0.01,136.66,SUR,2025-01-23,23673512900,RU0007661625,Gazprom,1-02-00028-A,136.1,SUR,1,1,2025-01-27,2023-06-25
GAZP,TQBR,ГАЗПРОМ ао,137.84,10,5,A,Т+: Акции и ДР - безадрес.,2,"""Газпром"" (ПАО) ао",,FNDT,EQIN,,0.01,136.66,SUR,2025-01-23,23673512900,RU0007661625,Gazprom,1-02-00028-A,136.1,SUR,1,1,2025-01-27,2023-06-26
GAZP,TQBR,ГАЗПРОМ ао,137.84,10,5,A,Т+: Акции и ДР - безадрес.,2,"""Газпром"" (ПАО) ао",,FNDT,EQIN,,0.01,136.66,SUR,2025-01-23,23673512900,RU0007661625,Gazprom,1-02-00028-A,136.1,SUR,1,1,2025-01-27,2023-06-27
GAZP,TQBR,ГАЗПРОМ ао,137.84,10,5,A,Т+: Акции и ДР - безадрес.,2,"""Газпром"" (ПАО) ао",,FNDT,EQIN,,0.01,136.66,SUR,2025-01-23,23673512900,RU0007661625,Gazprom,1-02-00028-A,136.1,SUR,1,1,2025-01-27,2023-06-28
GAZP,TQBR,ГАЗПРОМ ао,137.84,10,5,A,Т+: Акции и ДР - безадрес.,2,"""Газпром"" (ПАО) ао",,FNDT,EQIN,,0.01,136.66,SUR,2025-01-23,23673512900,RU0007661625,Gazprom,1-02-00028-A,136.1,SUR,1,1,2025-01-27,2023-06-29
GAZP,TQBR,ГАЗПРОМ ао,137.84,10,5,A,Т+: Акции и ДР - безадрес.,2,"""Газпром"" (ПАО) ао",,FNDT,EQIN,,0.01,136.66,SUR,2025-01-23,23673512900,RU0007661625,Gazprom,1-02-00028-A,136.1,SUR,1,1,2025-01-27,2023-06-30
GAZP,TQBR,ГАЗПРОМ ао,137.84,10,5,A,Т+: Акции и ДР - безадрес.,2,"""Газпром"" (ПАО) ао",,FNDT,EQIN,,0.01,136.66,SUR,2025-01-23,23673512900,RU0007661625,Gazprom,1-02-00028-A,136.1,SUR,1,1,2025-01-27,2023-07-01
GAZP,TQBR,ГАЗПРОМ ао,137.84,10,5,A,Т+: Акции и ДР - безадрес.,2,"""Газпром"" (ПАО) ао",,FNDT,EQIN,,0.01,136.66,SUR,2025-01-23,23673512900,RU0007661625,Gazprom,1-02-00028-A,136.1,SUR,1,1,2025-01-27,2023-07-02
GAZP,TQBR,ГАЗПРОМ ао,137.84,10,5,A,Т+: Акции и ДР - безадрес.,2,"""Газпром"" (ПАО) ао",,FNDT,EQIN,,0.01,136.66,SUR,2025-01-23,23673512900,RU0007661625,Gazprom,1-02-00028-A,136.1,SUR,1,1,2025-01-27,2023-07-03
GAZP,TQBR,ГАЗПРОМ ао,137.84,10,5,A,Т+: Акции и ДР - безадрес.,2,"""Газпром"" (ПАО) ао",,FNDT,EQIN,,0.01,136.66,SUR,2025-01-23,23673512900,RU0007661625,Gazprom,1-02-00028-A,136.1,SUR,1,1,2025-01-27,2023-07-04
GAZP,TQBR,ГАЗПРОМ ао,137.84,10,5,A,Т+: Акции и ДР - безадрес.,2,"""Газпром"" (ПАО) ао",,FNDT,EQIN,,0.01,136.66,SUR,2025-01-23,23673512900,RU0007661625,Gazprom,1-02-00028-A,136.1,SUR,1,1,2025-01-27,2023-07-05
GAZP,TQBR,ГАЗПРОМ ао,137.84,10,5,A,Т+: Акции и ДР - безадрес.,2,"""Газпром"" (ПАО) ао",,FNDT,EQIN,,0.01,136.66,SUR,2025-01-23,23673512900,RU0007661625,Gazprom,1-02-00028-A,136.1,SUR,1,1,2025-01-27,2023-07-06
GAZP,TQBR,ГАЗПРОМ ао,137.84,10,5,A,Т+: Акции и ДР - безадрес.,2,"""Газпром"" (ПАО) ао",,FNDT,EQIN,,0.01,136.66,SUR,2025-01-23,23673512900,RU0007661625,Gazprom,1-02-00028-A,136.1,SUR,1,1,2025-01-27,2023-07-07
GAZP,TQBR,ГАЗПРОМ ао,137.84,10,5,A,Т+: Акции и ДР - безадрес.,2,"""Газпром"" (ПАО) ао",,FNDT,EQIN,,0.01,136.66,SUR,2025-01-23,23673512900,RU0007661625,Gazprom,1-02-00028-A,136.1,SUR,1,1,2025-01-27,2023-07-08
GAZP,TQBR,ГАЗПРОМ ао,137.84,10,5,A,Т+: Акции и ДР - безадрес.,2,"""Газпром"" (ПАО) ао",,FNDT,EQIN,,0.01,136.66,SUR,2025-01-23,23673512900,RU0007661625,Gazprom,1-02-00028-A,136.1,SUR,1,1,2025-01-27,2023-07-09
GAZP,TQBR,ГАЗПРОМ ао,137.84,10,5,A,Т+: Акции и ДР - безадрес.,2,"""Газпром"" (ПАО) ао",,FNDT,EQIN,,0.01,136.66,SUR,2025-01-23,23673512900,RU0007661625,Gazprom,1-02-00028-A,136.1,SUR,1,1,2025-01-27,2023-07-10
GAZP,TQBR,ГАЗПРОМ ао,137.84,10,5,A,Т+: Акции и ДР - безадрес.,2,"""Газпром"" (ПАО) ао",,FNDT,EQIN,,0.01,136.66,SUR,2025-01-23,23673512900,RU0007661625,Gazprom,1-02-00028-A,136.1,SUR,1,1,2025-01-27,2023-07-11
GAZP,TQBR,ГАЗПРОМ ао,137.84,10,5,A,Т+: Акции и ДР - безадрес.,2,"""Газпром"" (ПАО) ао",,FNDT,EQIN,,0.01,136.66,SUR,2025-01-23,23673512900,RU0007661625,Gazprom,1-02-00028-A,136.1,SUR,1,1,2025-01-27,2023-07-12
GAZP,TQBR,ГАЗПРОМ ао,137.84,10,5,A,Т+: Акции и ДР - безадрес.,2,"""Газпром"" (ПАО) ао",,FNDT,EQIN,,0.01,136.66,SUR,2025-01-23,23673512900,RU0007661625,Gazprom,1-02-00028-A,136.1,SUR,1,1,2025-01-27,2023-07-13
GAZP,TQBR,ГАЗПРОМ ао,137.84,10,5,A,Т+: Акции и ДР - безадрес.,2,"""Газпром"" (ПАО) ао",,FNDT,EQIN,,0.01,136.66,SUR,2025-01-23,23673512900,RU0007661625,Gazprom,1-02-00028-A,136.1,SUR,1,1,2025-01-27,2023-07-14
GAZP,TQBR,ГАЗПРОМ ао,137.84,10,5,A,Т+: Акции и ДР - безадрес.,2,"""Газпром"" (ПАО) ао",,FNDT,EQIN,,0.01,136.66,SUR,2025-01-23,23673512900,RU0007661625,Gazprom,1-02-00028-A,136.1,SUR,1,1,2025-01-27,2023-07-15
GAZP,TQBR,ГАЗПРОМ ао,137.84,10,5,A,Т+: Акции и ДР - безадрес.,2,"""Газпром"" (ПАО) ао",,FNDT,EQIN,,0.01,136.66,SUR,2025-01-23,23673512900,RU0007661625,Gazprom,1-02-00028-A,136.1,SUR,1,1,2025-01-27,2023-07-16
GAZP,TQBR,ГАЗПРОМ ао,137.84,10,5,A,Т+: Акции и ДР - безадрес.,2,"""Газпром"" (ПАО) ао",,FNDT,EQIN,,0.01,136.66,SUR,2025-01-23,23673512900,RU0007661625,Gazprom,1-02-00028-A,136.1,SUR,1,1,2025-01-27,2023-07-17
GAZP,TQBR,ГАЗПРОМ ао,137.84,10,5,A,Т+: Акции и ДР - безадрес.,2,"""Газпром"" (ПАО) ао",,FNDT,EQIN,,0.01,136.66,SUR,2025-01-23,23673512900,RU0007661625,Gazprom,1-02-00028-A,136.1,SUR,1,1,2025-01-27,2023-07-18
GAZP,TQBR,ГАЗПРОМ ао,137.84,10,5,A,Т+: Акции и ДР - безадрес.,2,"""Газпром"" (ПАО) ао",,FNDT,EQIN,,0.01,136.66,SUR,2025-01-23,23673512900,RU0007661625,Gazprom,1-02-00028-A,136.1,SUR,1,1,2025-01-27,2023-07-19
GAZP,TQBR,ГАЗПРОМ ао,137.84,10,5,A,Т+: Акции и ДР - безадрес.,2,"""Газпром"" (ПАО) ао",,FNDT,EQIN,,0.01,136.66,SUR,2025-01-23,23673512900,RU0007661625,Gazprom,1-02-00028-A,136.1,SUR,1,1,2025-01-27,2023-07-20
GAZP,TQBR,ГАЗПРОМ ао,137.84,10,5,A,Т+: Акции и ДР - безадрес.,2,"""Газпром"" (ПАО) ао",,FNDT,EQIN,,0.01,136.66,SUR,2025-01-23,23673512900,RU0007661625,Gazprom,1-02-00028-A,136.1,SUR,1,1,2025-01-27,2023-07-21
GAZP,TQBR,ГАЗПРОМ ао,137.84,10,5,A,Т+: Акции и ДР - безадрес.,2,"""Газпром"" (ПАО) ао",,FNDT,EQIN,,0.01,136.66,SUR,2025-01-23,23673512900,RU0007661625,Gazprom,1-02-00028-A,136.1,SUR,1,1,2025-01-27,2023-07-22
GAZP,TQBR,ГАЗПРОМ ао,137.84,10,5,A,Т+: Акции и ДР - безадрес.,2,"""Газпром"" (ПАО) ао",,FNDT,EQIN,,0.01,136.66,SUR,2025-01-23,23673512900,RU0007661625,Gazprom,1-02-00028-A,136.1,SUR,1,1,2025-01-27,2023-07-23
GAZP,TQBR,ГАЗПРОМ ао,137.84,10,5,A,Т+: Акции и ДР - безадрес.,2,"""Газпром"" (ПАО) ао",,FNDT,EQIN,,0.01,136.66,SUR,2025-01-23,23673512900,RU0007661625,Gazprom,1-02-00028-A,136.1,SUR,1,1,2025-01-27,2023-07-24
GAZP,TQBR,ГАЗПРОМ ао,137.84,10,5,A,Т+: Акции и ДР - безадрес.,2,"""Газпром"" (ПАО) ао",,FNDT,EQIN,,0.01,136.66,SUR,2025-01-23,23673512900,RU0007661625,Gazprom,1-02-00028-A,136.1,SUR,1,1,2025-01-27,2023-07-25
GAZP,TQBR,ГАЗПРОМ ао,137.84,10,5,A,Т+: Акции и ДР - безадрес.,2,"""Газпром"" (ПАО) ао",,FNDT,EQIN,,0.01,136.66,SUR,2025-01-23,23673512900,RU0007661625,Gazprom,1-02-00028-A,136.1,SUR,1,1,2025-01-27,2023-07-26
GAZP,TQBR,ГАЗПРОМ ао,137.84,10,5,A,Т+: Акции и ДР - безадрес.,2,"""Газпром"" (ПАО) ао",,FNDT,EQIN,,0.01,136.66,SUR,2025-01-23,23673512900,RU0007661625,Gazprom,1-02-00028-A,136.1,SUR,1,1,2025-01-27,2023-07-27
GAZP,TQBR,ГАЗПРОМ ао,137.84,10,5,A,Т+: Акции и ДР - безадрес.,2,"""Газпром"" (ПАО) ао",,FNDT,EQIN,,0.01,136.66,SUR,2025-01-23,23673512900,RU0007661625,Gazprom,1-02-00028-A,136.1,SUR,1,1,2025-01-27,2023-07-28
GAZP,TQBR,ГАЗПРОМ ао,137.84,10,5,A,Т+: Акции и ДР - безадрес.,2,"""Газпром"" (ПАО) ао",,FNDT,EQIN,,0.01,136.66,SUR,2025-01-23,23673512900,RU0007661625,Gazprom,1-02-00028-A,136.1,SUR,1,1,2025-01-27,2023-07-29
GAZP,TQBR,ГАЗПРОМ ао,137.84,10,5,A,Т+: Акции и ДР - безадрес.,2,"""Газпром"" (ПАО) ао",,FNDT,EQIN,,0.01,136.66,SUR,2025-01-23,23673512900,RU0007661625,Gazprom,1-02-00028-A,136.1,SUR,1,1,2025-01-27,2023-07-30
GAZP,TQBR,ГАЗПРОМ ао,137.84,10,5,A,Т+: Акции и ДР - безадрес.,2,"""Газпром"" (ПАО) ао",,FNDT,EQIN,,0.01,136.66,SUR,2025-01-23,23673512900,RU0007661625,Gazprom,1-02-00028-A,136.1,SUR,1,1,2025-01-27,2023-07-31
GAZP,TQBR,ГАЗПРОМ ао,137.84,10,5,A,Т+: Акции и ДР - безадрес.,2,"""Газпром"" (ПАО) ао",,FNDT,EQIN,,0.01,136.66,SUR,2025-01-23,23673512900,RU0007661625,Gazprom,1-02-00028-A,136.1,SUR,1,1,2025-01-27,2023-08-01
GAZP,TQBR,ГАЗПРОМ ао,137.84,10,5,A,Т+: Акции и ДР - безадрес.,2,"""Газпром"" (ПАО) ао",,FNDT,EQIN,,0.01,136.66,SUR,2025-01-23,23673512900,RU0007661625,Gazprom,1-02-00028-A,136.1,SUR,1,1,2025-01-27,2023-08-02
GAZP,TQBR,ГАЗПРОМ ао,137.84,10,5,A,Т+: Акции и ДР - безадрес.,2,"""Газпром"" (ПАО) ао",,FNDT,EQIN,,0.01,136.66,SUR,2025-01-23,23673512900,RU0007661625,Gazprom,1-02-00028-A,136.1,SUR,1,1,2025-01-27,2023-08-03
GAZP,TQBR,ГАЗПРОМ ао,137.84,10,5,A,Т+: Акции и ДР - безадрес.,2,"""Газпром"" (ПАО) ао",,FNDT,EQIN,,0.01,136.66,SUR,2025-01-23,23673512900,RU0007661625,Gazprom,1-02-00028-A,136.1,SUR,1,1,2025-01-27,2023-08-04
GAZP,TQBR,ГАЗПРОМ ао,137.84,10,5,A,Т+: Акции и ДР - безадрес.,2,"""Газпром"" (ПАО) ао",,FNDT,EQIN,,0.01,136.66,SUR,2025-01-23,23673512900,RU0007661625,Gazprom,1-02-00028-A,136.1,SUR,1,1,2025-01-27,2023-08-05
GAZP,TQBR,ГАЗПРОМ ао,137.84,10,5,A,Т+: Акции и ДР - безадрес.,2,"""Газпром"" (ПАО) ао",,FNDT,EQIN,,0.01,136.66,SUR,2025-01-23,23673512900,RU0007661625,Gazprom,1-02-00028-A,136.1,SUR,1,1,2025-01-27,2023-08-06
GAZP,TQBR,ГАЗПРОМ ао,137.84,10,5,A,Т+: Акции и ДР - безадрес.,2,"""Газпром"" (ПАО) ао",,FNDT,EQIN,,0.01,136.66,SUR,2025-01-23,23673512900,RU0007661625,Gazprom,1-02-00028-A,136.1,SUR,1,1,2025-01-27,2023-08-07
GAZP,TQBR,ГАЗПРОМ ао,137.84,10,5,A,Т+: Акции и ДР - безадрес.,2,"""Газпром"" (ПАО) ао",,FNDT,EQIN,,0.01,136.66,SUR,2025-01-23,23673512900,RU0007661625,Gazprom,1-02-00028-A,136.1,SUR,1,1,2025-01-27,2023-08-08
GAZP,TQBR,ГАЗПРОМ ао,137.84,10,5,A,Т+: Акции и ДР - безадрес.,2,"""Газпром"" (ПАО) ао",,FNDT,EQIN,,0.01,136.66,SUR,2025-01-23,23673512900,RU0007661625,Gazprom,1-02-00028-A,136.1,SUR,1,1,2025-01-27,2023-08-09
GAZP,TQBR,ГАЗПРОМ ао,137.84,10,5,A,Т+: Акции и ДР - безадрес.,2,"""Газпром"" (ПАО) ао",,FNDT,EQIN,,0.01,136.66,SUR,2025-01-23,23673512900,RU0007661625,Gazprom,1-02-00028-A,136.1,SUR,1,1,2025-01-27,2023-08-10
GAZP,TQBR,ГАЗПРОМ ао,137.84,10,5,A,Т+: Акции и ДР - безадрес.,2,"""Газпром"" (ПАО) ао",,FNDT,EQIN,,0.01,136.66,SUR,2025-01-23,23673512900,RU0007661625,Gazprom,1-02-00028-A,136.1,SUR,1,1,2025-01-27,2023-08-11
GAZP,TQBR,ГАЗПРОМ ао,137.84,10,5,A,Т+: Акции и ДР - безадрес.,2,"""Газпром"" (ПАО) ао",,FNDT,EQIN,,0.01,136.66,SUR,2025-01-23,23673512900,RU0007661625,Gazprom,1-02-00028-A,136.1,SUR,1,1,2025-01-27,2023-08-12
GAZP,TQBR,ГАЗПРОМ ао,137.84,10,5,A,Т+: Акции и ДР - безадрес.,2,"""Газпром"" (ПАО) ао",,FNDT,EQIN,,0.01,136.66,SUR,2025-01-23,23673512900,RU0007661625,Gazprom,1-02-00028-A,136.1,SUR,1,1,2025-01-27,2023-08-13
GAZP,TQBR,ГАЗПРОМ ао,137.84,10,5,A,Т+: Акции и ДР - безадрес.,2,"""Газпром"" (ПАО) ао",,FNDT,EQIN,,0.01,136.66,SUR,2025-01-23,23673512900,RU0007661625,Gazprom,1-02-00028-A,136.1,SUR,1,1,2025-01-27,2023-08-14
GAZP,TQBR,ГАЗПРОМ ао,137.84,10,5,A,Т+: Акции и ДР - безадрес.,2,"""Газпром"" (ПАО) ао",,FNDT,EQIN,,0.01,136.66,SUR,2025-01-23,23673512900,RU0007661625,Gazprom,1-02-00028-A,136.1,SUR,1,1,2025-01-27,2023-08-15
GAZP,TQBR,ГАЗПРОМ ао,137.84,10,5,A,Т+: Акции и ДР - безадрес.,2,"""Газпром"" (ПАО) ао",,FNDT,EQIN,,0.01,136.66,SUR,2025-01-23,23673512900,RU0007661625,Gazprom,1-02-00028-A,136.1,SUR,1,1,2025-01-27,2023-08-16
GAZP,TQBR,ГАЗПРОМ ао,137.84,10,5,A,Т+: Акции и ДР - безадрес.,2,"""Газпром"" (ПАО) ао",,FNDT,EQIN,,0.01,136.66,SUR,2025-01-23,23673512900,RU0007661625,Gazprom,1-02-00028-A,136.1,SUR,1,1,2025-01-27,2023-08-17
GAZP,TQBR,ГАЗПРОМ ао,137.84,10,5,A,Т+: Акции и ДР - безадрес.,2,"""Газпром"" (ПАО) ао",,FNDT,EQIN,,0.01,136.66,SUR,2025-01-23,23673512900,RU0007661625,Gazprom,1-02-00028-A,136.1,SUR,1,1,2025-01-27,2023-08-18
GAZP,TQBR,ГАЗПРОМ ао,137.84,10,5,A,Т+: Акции и ДР - безадрес.,2,"""Газпром"" (ПАО) ао",,FNDT,EQIN,,0.01,136.66,SUR,2025-01-23,23673512900,RU0007661625,Gazprom,1-02-00028-A,136.1,SUR,1,1,2025-01-27,2023-08-19
GAZP,TQBR,ГАЗПРОМ ао,137.84,10,5,A,Т+: Акции и ДР - безадрес.,2,"""Газпром"" (ПАО) ао",,FNDT,EQIN,,0.01,136.66,SUR,2025-01-23,23673512900,RU0007661625,Gazprom,1-02-00028-A,136.1,SUR,1,1,2025-01-27,2023-08-20
GAZP,TQBR,ГАЗПРОМ ао,137.84,10,5,A,Т+: Акции и ДР - безадрес.,2,"""Газпром"" (ПАО) ао",,FNDT,EQIN,,0.01,136.66,SUR,2025-01-23,23673512900,RU0007661625,Gazprom,1-02-00028-A,136.1,SUR,1,1,2025-01-27,2023-08-21
GAZP,TQBR,ГАЗПРОМ ао,137.84,10,5,A,Т+: Акции и ДР - безадрес.,2,"""Газпром"" (ПАО) ао",,FNDT,EQIN,,0.01,136.66,SUR,2025-01-23,23673512900,RU0007661625,Gazprom,1-02-00028-A,136.1,SUR,1,1,2025-01-27,2023-08-22
GAZP,TQBR,ГАЗПРОМ ао,137.84,10,5,A,Т+: Акции и ДР - безадрес.,2,"""Газпром"" (ПАО) ао",,FNDT,EQIN,,0.01,136.66,SUR,2025-01-23,23673512900,RU0007661625,Gazprom,1-02-00028-A,136.1,SUR,1,1,2025-01-27,2023-08-23
GAZP,TQBR,ГАЗПРОМ ао,137.84,10,5,A,Т+: Акции и ДР - безадрес.,2,"""Газпром"" (ПАО) ао",,FNDT,EQIN,,0.01,136.66,SUR,2025-01-23,23673512900,RU0007661625,Gazprom,1-02-00028-A,136.1,SUR,1,1,2025-01-27,2023-08-24
GAZP,TQBR,ГАЗПРОМ ао,137.84,10,5,A,Т+: Акции и ДР - безадрес.,2,"""Газпром"" (ПАО) ао",,FNDT,EQIN,,0.01,136.66,SUR,2025-01-23,23673512900,RU0007661625,Gazprom,1-02-00028-A,136.1,SUR,1,1,2025-01-27,2023-08-25
GAZP,TQBR,ГАЗПРОМ ао,137.84,10,5,A,Т+: Акции и ДР - безадрес.,2,"""Газпром"" (ПАО) ао",,FNDT,EQIN,,0.01,136.66,SUR,2025-01-23,23673512900,RU0007661625,Gazprom,1-02-00028-A,136.1,SUR,1,1,2025-01-27,2023-08-26
GAZP,TQBR,ГАЗПРОМ ао,137.84,10,5,A,Т+: Акции и ДР - безадрес.,2,"""Газпром"" (ПАО) ао",,FNDT,EQIN,,0.01,136.66,SUR,2025-01-23,23673512900,RU0007661625,Gazprom,1-02-00028-A,136.1,SUR,1,1,2025-01-27,2023-08-27
GAZP,TQBR,ГАЗПРОМ ао,137.84,10,5,A,Т+: Акции и ДР - безадрес.,2,"""Газпром"" (ПАО) ао",,FNDT,EQIN,,0.01,136.66,SUR,2025-01-23,23673512900,RU0007661625,Gazprom,1-02-00028-A,136.1,SUR,1,1,2025-01-27,2023-08-28
GAZP,TQBR,ГАЗПРОМ ао,137.84,10,5,A,Т+: Акции и ДР - безадрес.,2,"""Газпром"" (ПАО) ао",,FNDT,EQIN,,0.01,136.66,SUR,2025-01-23,23673512900,RU0007661625,Gazprom,1-02-00028-A,136.1,SUR,1,1,2025-01-27,2023-08-29
GAZP,TQBR,ГАЗПРОМ ао,137.84,10,5,A,Т+: Акции и ДР - безадрес.,2,"""Газпром"" (ПАО) ао",,FNDT,EQIN,,0.01,136.66,SUR,2025-01-23,23673512900,RU0007661625,Gazprom,1-02-00028-A,136.1,SUR,1,1,2025-01-27,2023-08-30
GAZP,TQBR,ГАЗПРОМ ао,137.84,10,5,A,Т+: Акции и ДР - безадрес.,2,"""Газпром"" (ПАО) ао",,FNDT,EQIN,,0.01,136.66,SUR,2025-01-23,23673512900,RU0007661625,Gazprom,1-02-00028-A,136.1,SUR,1,1,2025-01-27,2023-08-31
GAZP,TQBR,ГАЗПРОМ ао,137.84,10,5,A,Т+: Акции и ДР - безадрес.,2,"""Газпром"" (ПАО) ао",,FNDT,EQIN,,0.01,136.66,SUR,2025-01-23,23673512900,RU0007661625,Gazprom,1-02-00028-A,136.1,SUR,1,1,2025-01-27,2023-09-01
GAZP,TQBR,ГАЗПРОМ ао,137.84,10,5,A,Т+: Акции и ДР - безадрес.,2,"""Газпром"" (ПАО) ао",,FNDT,EQIN,,0.01,136.66,SUR,2025-01-23,23673512900,RU0007661625,Gazprom,1-02-00028-A,136.1,SUR,1,1,2025-01-27,2023-09-02
GAZP,TQBR,ГАЗПРОМ ао,137.84,10,5,A,Т+: Акции и ДР - безадрес.,2,"""Газпром"" (ПАО) ао",,FNDT,EQIN,,0.01,136.66,SUR,2025-01-23,23673512900,RU0007661625,Gazprom,1-02-00028-A,136.1,SUR,1,1,2025-01-27,2023-09-03
GAZP,TQBR,ГАЗПРОМ ао,137.84,10,5,A,Т+: Акции и ДР - безадрес.,2,"""Газпром"" (ПАО) ао",,FNDT,EQIN,,0.01,136.66,SUR,2025-01-23,23673512900,RU0007661625,Gazprom,1-02-00028-A,136.1,SUR,1,1,2025-01-27,2023-09-04
GAZP,TQBR,ГАЗПРОМ ао,137.84,10,5,A,Т+: Акции и ДР - безадрес.,2,"""Газпром"" (ПАО) ао",,FNDT,EQIN,,0.01,136.66,SUR,2025-01-23,23673512900,RU0007661625,Gazprom,1-02-00028-A,136.1,SUR,1,1,2025-01-27,2023-09-05
GAZP,TQBR,ГАЗПРОМ ао,137.84,10,5,A,Т+: Акции и ДР - безадрес.,2,"""Газпром"" (ПАО) ао",,FNDT,EQIN,,0.01,136.66,SUR,2025-01-23,23673512900,RU0007661625,Gazprom,1-02-00028-A,136.1,SUR,1,1,2025-01-27,2023-09-06
GAZP,TQBR,ГАЗПРОМ ао,137.84,10,5,A,Т+: Акции и ДР - безадрес.,2,"""Газпром"" (ПАО) ао",,FNDT,EQIN,,0.01,136.66,SUR,2025-01-23,23673512900,RU0007661625,Gazprom,1-02-00028-A,136.1,SUR,1,1,2025-01-27,2023-09-07
GAZP,TQBR,ГАЗПРОМ ао,137.84,10,5,A,Т+: Акции и ДР - безадрес.,2,"""Газпром"" (ПАО) ао",,FNDT,EQIN,,0.01,136.66,SUR,2025-01-23,23673512900,RU0007661625,Gazprom,1-02-00028-A,136.1,SUR,1,1,2025-01-27,2023-09-08
GAZP,TQBR,ГАЗПРОМ ао,137.84,10,5,A,Т+: Акции и ДР - безадрес.,2,"""Газпром"" (ПАО) ао",,FNDT,EQIN,,0.01,136.66,SUR,2025-01-23,23673512900,RU0007661625,Gazprom,1-02-00028-A,136.1,SUR,1,1,2025-01-27,2023-09-09
GAZP,TQBR,ГАЗПРОМ ао,137.84,10,5,A,Т+: Акции и ДР - безадрес.,2,"""Газпром"" (ПАО) ао",,FNDT,EQIN,,0.01,136.66,SUR,2025-01-23,23673512900,RU0007661625,Gazprom,1-02-00028-A,136.1,SUR,1,1,2025-01-27,2023-09-10
GAZP,TQBR,ГАЗПРОМ ао,137.84,10,5,A,Т+: Акции и ДР - безадрес.,2,"""Газпром"" (ПАО) ао",,FNDT,EQIN,,0.01,136.66,SUR,2025-01-23,23673512900,RU0007661625,Gazprom,1-02-00028-A,136.1,SUR,1,1,2025-01-27,2023-09-11
GAZP,TQBR,ГАЗПРОМ ао,137.84,10,5,A,Т+: Акции и ДР - безадрес.,2,"""Газпром"" (ПАО) ао",,FNDT,EQIN,,0.01,136.66,SUR,2025-01-23,23673512900,RU0007661625,Gazprom,1-02-00028-A,136.1,SUR,1,1,2025-01-27,2023-09-12
GAZP,TQBR,ГАЗПРОМ ао,137.84,10,5,A,Т+: Акции и ДР - безадрес.,2,"""Газпром"" (ПАО) ао",,FNDT,EQIN,,0.01,136.66,SUR,2025-01-23,23673512900,RU0007661625,Gazprom,1-02-00028-A,136.1,SUR,1,1,2025-01-27,2023-09-13
GAZP,TQBR,ГАЗПРОМ ао,137.84,10,5,A,Т+: Акции и ДР - безадрес.,2,"""Газпром"" (ПАО) ао",,FNDT,EQIN,,0.01,136.66,SUR,2025-01-23,23673512900,RU0007661625,Gazprom,1-02-00028-A,136.1,SUR,1,1,2025-01-27,2023-09-14
GAZP,TQBR,ГАЗПРОМ ао,137.84,10,5,A,Т+: Акции и ДР - безадрес.,2,"""Газпром"" (ПАО) ао",,FNDT,EQIN,,0.01,136.66,SUR,2025-01-23,23673512900,RU0007661625,Gazprom,1-02-00028-A,136.1,SUR,1,1,2025-01-27,2023-09-15
GAZP,TQBR,ГАЗПРОМ ао,137.84,10,5,A,Т+: Акции и ДР - безадрес.,2,"""Газпром"" (ПАО) ао",,FNDT,EQIN,,0.01,136.66,SUR,2025-01-23,23673512900,RU0007661625,Gazprom,1-02-00028-A,136.1,SUR,1,1,2025-01-27,2023-09-16
GAZP,TQBR,ГАЗПРОМ ао,137.84,10,5,A,Т+: Акции и ДР - безадрес.,2,"""Газпром"" (ПАО) ао",,FNDT,EQIN,,0.01,136.66,SUR,2025-01-23,23673512900,RU0007661625,Gazprom,1-02-00028-A,136.1,SUR,1,1,2025-01-27,2023-09-17
GAZP,TQBR,ГАЗПРОМ ао,137.84,10,5,A,Т+: Акции и ДР - безадрес.,2,"""Газпром"" (ПАО) ао",,FNDT,EQIN,,0.01,136.66,SUR,2025-01-23,23673512900,RU0007661625,Gazprom,1-02-00028-A,136.1,SUR,1,1,2025-01-27,2023-09-18
GAZP,TQBR,ГАЗПРОМ ао,137.84,10,5,A,Т+: Акции и ДР - безадрес.,2,"""Газпром"" (ПАО) ао",,FNDT,EQIN,,0.01,136.66,SUR,2025-01-23,23673512900,RU0007661625,Gazprom,1-02-00028-A,136.1,SUR,1,1,2025-01-27,2023-09-19
GAZP,TQBR,ГАЗПРОМ ао,137.84,10,5,A,Т+: Акции и ДР - безадрес.,2,"""Газпром"" (ПАО) ао",,FNDT,EQIN,,0.01,136.66,SUR,2025-01-23,23673512900,RU0007661625,Gazprom,1-02-00028-A,136.1,SUR,1,1,2025-01-27,2023-09-20
GAZP,TQBR,ГАЗПРОМ ао,137.84,10,5,A,Т+: Акции и ДР - безадрес.,2,"""Газпром"" (ПАО) ао",,FNDT,EQIN,,0.01,136.66,SUR,2025-01-23,23673512900,RU0007661625,Gazprom,1-02-00028-A,136.1,SUR,1,1,2025-01-27,2023-09-21
GAZP,TQBR,ГАЗПРОМ ао,137.84,10,5,A,Т+: Акции и ДР - безадрес.,2,"""Газпром"" (ПАО) ао",,FNDT,EQIN,,0.01,136.66,SUR,2025-01-23,23673512900,RU0007661625,Gazprom,1-02-00028-A,136.1,SUR,1,1,2025-01-27,2023-09-22
GAZP,TQBR,ГАЗПРОМ ао,137.84,10,5,A,Т+: Акции и ДР - безадрес.,2,"""Газпром"" (ПАО) ао",,FNDT,EQIN,,0.01,136.66,SUR,2025-01-23,23673512900,RU0007661625,Gazprom,1-02-00028-A,136.1,SUR,1,1,2025-01-27,2023-09-23
GAZP,TQBR,ГАЗПРОМ ао,137.84,10,5,A,Т+: Акции и ДР - безадрес.,2,"""Газпром"" (ПАО) ао",,FNDT,EQIN,,0.01,136.66,SUR,2025-01-23,23673512900,RU0007661625,Gazprom,1-02-00028-A,136.1,SUR,1,1,2025-01-27,2023-09-24
GAZP,TQBR,ГАЗПРОМ ао,137.84,10,5,A,Т+: Акции и ДР - безадрес.,2,"""Газпром"" (ПАО) ао",,FNDT,EQIN,,0.01,136.66,SUR,2025-01-23,23673512900,RU0007661625,Gazprom,1-02-00028-A,136.1,SUR,1,1,2025-01-27,2023-09-25
GAZP,TQBR,ГАЗПРОМ ао,137.84,10,5,A,Т+: Акции и ДР - безадрес.,2,"""Газпром"" (ПАО) ао",,FNDT,EQIN,,0.01,136.66,SUR,2025-01-23,23673512900,RU0007661625,Gazprom,1-02-00028-A,136.1,SUR,1,1,2025-01-27,2023-09-26
GAZP,TQBR,ГАЗПРОМ ао,137.84,10,5,A,Т+: Акции и ДР - безадрес.,2,"""Газпром"" (ПАО) ао",,FNDT,EQIN,,0.01,136.66,SUR,2025-01-23,23673512900,RU0007661625,Gazprom,1-02-00028-A,136.1,SUR,1,1,2025-01-27,2023-09-27
GAZP,TQBR,ГАЗПРОМ ао,137.84,10,5,A,Т+: Акции и ДР - безадрес.,2,"""Газпром"" (ПАО) ао",,FNDT,EQIN,,0.01,136.66,SUR,2025-01-23,23673512900,RU0007661625,Gazprom,1-02-00028-A,136.1,SUR,1,1,2025-01-27,2023-09-28
GAZP,TQBR,ГАЗПРОМ ао,137.84,10,5,A,Т+: Акции и ДР - безадрес.,2,"""Газпром"" (ПАО) ао",,FNDT,EQIN,,0.01,136.66,SUR,2025-01-23,23673512900,RU0007661625,Gazprom,1-02-00028-A,136.1,SUR,1,1,2025-01-27,2023-09-29
GAZP,TQBR,ГАЗПРОМ ао,137.84,10,5,A,Т+: Акции и ДР - безадрес.,2,"""Газпром"" (ПАО) ао",,FNDT,EQIN,,0.01,136.66,SUR,2025-01-23,23673512900,RU0007661625,Gazprom,1-02-00028-A,136.1,SUR,1,1,2025-01-27,2023-09-30
GAZP,TQBR,ГАЗПРОМ ао,137.84,10,5,A,Т+: Акции и ДР - безадрес.,2,"""Газпром"" (ПАО) ао",,FNDT,EQIN,,0.01,136.66,SUR,2025-01-23,23673512900,RU0007661625,Gazprom,1-02-00028-A,136.1,SUR,1,1,2025-01-27,2023-10-01
GAZP,TQBR,ГАЗПРОМ ао,137.84,10,5,A,Т+: Акции и ДР - безадрес.,2,"""Газпром"" (ПАО) ао",,FNDT,EQIN,,0.01,136.66,SUR,2025-01-23,23673512900,RU0007661625,Gazprom,1-02-00028-A,136.1,SUR,1,1,2025-01-27,2023-10-02
GAZP,TQBR,ГАЗПРОМ ао,137.84,10,5,A,Т+: Акции и ДР - безадрес.,2,"""Газпром"" (ПАО) ао",,FNDT,EQIN,,0.01,136.66,SUR,2025-01-23,23673512900,RU0007661625,Gazprom,1-02-00028-A,136.1,SUR,1,1,2025-01-27,2023-10-03
GAZP,TQBR,ГАЗПРОМ ао,137.84,10,5,A,Т+: Акции и ДР - безадрес.,2,"""Газпром"" (ПАО) ао",,FNDT,EQIN,,0.01,136.66,SUR,2025-01-23,23673512900,RU0007661625,Gazprom,1-02-00028-A,136.1,SUR,1,1,2025-01-27,2023-10-04
GAZP,TQBR,ГАЗПРОМ ао,137.84,10,5,A,Т+: Акции и ДР - безадрес.,2,"""Газпром"" (ПАО) ао",,FNDT,EQIN,,0.01,136.66,SUR,2025-01-23,23673512900,RU0007661625,Gazprom,1-02-00028-A,136.1,SUR,1,1,2025-01-27,2023-10-05
GAZP,TQBR,ГАЗПРОМ ао,137.84,10,5,A,Т+: Акции и ДР - безадрес.,2,"""Газпром"" (ПАО) ао",,FNDT,EQIN,,0.01,136.66,SUR,2025-01-23,23673512900,RU0007661625,Gazprom,1-02-00028-A,136.1,SUR,1,1,2025-01-27,2023-10-06
GAZP,TQBR,ГАЗПРОМ ао,137.84,10,5,A,Т+: Акции и ДР - безадрес.,2,"""Газпром"" (ПАО) ао",,FNDT,EQIN,,0.01,136.66,SUR,2025-01-23,23673512900,RU0007661625,Gazprom,1-02-00028-A,136.1,SUR,1,1,2025-01-27,2023-10-07
GAZP,TQBR,ГАЗПРОМ ао,137.84,10,5,A,Т+: Акции и ДР - безадрес.,2,"""Газпром"" (ПАО) ао",,FNDT,EQIN,,0.01,136.66,SUR,2025-01-23,23673512900,RU0007661625,Gazprom,1-02-00028-A,136.1,SUR,1,1,2025-01-27,2023-10-08
GAZP,TQBR,ГАЗПРОМ ао,137.84,10,5,A,Т+: Акции и ДР - безадрес.,2,"""Газпром"" (ПАО) ао",,FNDT,EQIN,,0.01,136.66,SUR,2025-01-23,23673512900,RU0007661625,Gazprom,1-02-00028-A,136.1,SUR,1,1,2025-01-27,2023-10-09
GAZP,TQBR,ГАЗПРОМ ао,137.84,10,5,A,Т+: Акции и ДР - безадрес.,2,"""Газпром"" (ПАО) ао",,FNDT,EQIN,,0.01,136.66,SUR,2025-01-23,23673512900,RU0007661625,Gazprom,1-02-00028-A,136.1,SUR,1,1,2025-01-27,2023-10-10
GAZP,TQBR,ГАЗПРОМ ао,137.84,10,5,A,Т+: Акции и ДР - безадрес.,2,"""Газпром"" (ПАО) ао",,FNDT,EQIN,,0.01,136.66,SUR,2025-01-23,23673512900,RU0007661625,Gazprom,1-02-00028-A,136.1,SUR,1,1,2025-01-27,2023-10-11
GAZP,TQBR,ГАЗПРОМ ао,137.84,10,5,A,Т+: Акции и ДР - безадрес.,2,"""Газпром"" (ПАО) ао",,FNDT,EQIN,,0.01,136.66,SUR,2025-01-23,23673512900,RU0007661625,Gazprom,1-02-00028-A,136.1,SUR,1,1,2025-01-27,2023-10-12
GAZP,TQBR,ГАЗПРОМ ао,137.84,10,5,A,Т+: Акции и ДР - безадрес.,2,"""Газпром"" (ПАО) ао",,FNDT,EQIN,,0.01,136.66,SUR,2025-01-23,23673512900,RU0007661625,Gazprom,1-02-00028-A,136.1,SUR,1,1,2025-01-27,2023-10-13
GAZP,TQBR,ГАЗПРОМ ао,137.84,10,5,A,Т+: Акции и ДР - безадрес.,2,"""Газпром"" (ПАО) ао",,FNDT,EQIN,,0.01,136.66,SUR,2025-01-23,23673512900,RU0007661625,Gazprom,1-02-00028-A,136.1,SUR,1,1,2025-01-27,2023-10-14
GAZP,TQBR,ГАЗПРОМ ао,137.84,10,5,A,Т+: Акции и ДР - безадрес.,2,"""Газпром"" (ПАО) ао",,FNDT,EQIN,,0.01,136.66,SUR,2025-01-23,23673512900,RU0007661625,Gazprom,1-02-00028-A,136.1,SUR,1,1,2025-01-27,2023-10-15
GAZP,TQBR,ГАЗПРОМ ао,137.84,10,5,A,Т+: Акции и ДР - безадрес.,2,"""Газпром"" (ПАО) ао",,FNDT,EQIN,,0.01,136.66,SUR,2025-01-23,23673512900,RU0007661625,Gazprom,1-02-00028-A,136.1,SUR,1,1,2025-01-27,2023-10-16
GAZP,TQBR,ГАЗПРОМ ао,137.84,10,5,A,Т+: Акции и ДР - безадрес.,2,"""Газпром"" (ПАО) ао",,FNDT,EQIN,,0.01,136.66,SUR,2025-01-23,23673512900,RU0007661625,Gazprom,1-02-00028-A,136.1,SUR,1,1,2025-01-27,2023-10-17
GAZP,TQBR,ГАЗПРОМ ао,137.84,10,5,A,Т+: Акции и ДР - безадрес.,2,"""Газпром"" (ПАО) ао",,FNDT,EQIN,,0.01,136.66,SUR,2025-01-23,23673512900,RU0007661625,Gazprom,1-02-00028-A,136.1,SUR,1,1,2025-01-27,2023-10-18
GAZP,TQBR,ГАЗПРОМ ао,137.84,10,5,A,Т+: Акции и ДР - безадрес.,2,"""Газпром"" (ПАО) ао",,FNDT,EQIN,,0.01,136.66,SUR,2025-01-23,23673512900,RU0007661625,Gazprom,1-02-00028-A,136.1,SUR,1,1,2025-01-27,2023-10-19
GAZP,TQBR,ГАЗПРОМ ао,137.84,10,5,A,Т+: Акции и ДР - безадрес.,2,"""Газпром"" (ПАО) ао",,FNDT,EQIN,,0.01,136.66,SUR,2025-01-23,23673512900,RU0007661625,Gazprom,1-02-00028-A,136.1,SUR,1,1,2025-01-27,2023-10-20
GAZP,TQBR,ГАЗПРОМ ао,137.84,10,5,A,Т+: Акции и ДР - безадрес.,2,"""Газпром"" (ПАО) ао",,FNDT,EQIN,,0.01,136.66,SUR,2025-01-23,23673512900,RU0007661625,Gazprom,1-02-00028-A,136.1,SUR,1,1,2025-01-27,2023-10-21
GAZP,TQBR,ГАЗПРОМ ао,137.84,10,5,A,Т+: Акции и ДР - безадрес.,2,"""Газпром"" (ПАО) ао",,FNDT,EQIN,,0.01,136.66,SUR,2025-01-23,23673512900,RU0007661625,Gazprom,1-02-00028-A,136.1,SUR,1,1,2025-01-27,2023-10-22
GAZP,TQBR,ГАЗПРОМ ао,137.84,10,5,A,Т+: Акции и ДР - безадрес.,2,"""Газпром"" (ПАО) ао",,FNDT,EQIN,,0.01,136.66,SUR,2025-01-23,23673512900,RU0007661625,Gazprom,1-02-00028-A,136.1,SUR,1,1,2025-01-27,2023-10-23
GAZP,TQBR,ГАЗПРОМ ао,137.84,10,5,A,Т+: Акции и ДР - безадрес.,2,"""Газпром"" (ПАО) ао",,FNDT,EQIN,,0.01,136.66,SUR,2025-01-23,23673512900,RU0007661625,Gazprom,1-02-00028-A,136.1,SUR,1,1,2025-01-27,2023-10-24
GAZP,TQBR,ГАЗПРОМ ао,137.84,10,5,A,Т+: Акции и ДР - безадрес.,2,"""Газпром"" (ПАО) ао",,FNDT,EQIN,,0.01,136.66,SUR,2025-01-23,23673512900,RU0007661625,Gazprom,1-02-00028-A,136.1,SUR,1,1,2025-01-27,2023-10-25
GAZP,TQBR,ГАЗПРОМ ао,137.84,10,5,A,Т+: Акции и ДР - безадрес.,2,"""Газпром"" (ПАО) ао",,FNDT,EQIN,,0.01,136.66,SUR,2025-01-23,23673512900,RU0007661625,Gazprom,1-02-00028-A,136.1,SUR,1,1,2025-01-27,2023-10-26
GAZP,TQBR,ГАЗПРОМ ао,137.84,10,5,A,Т+: Акции и ДР - безадрес.,2,"""Газпром"" (ПАО) ао",,FNDT,EQIN,,0.01,136.66,SUR,2025-01-23,23673512900,RU0007661625,Gazprom,1-02-00028-A,136.1,SUR,1,1,2025-01-27,2023-10-27
GAZP,TQBR,ГАЗПРОМ ао,137.84,10,5,A,Т+: Акции и ДР - безадрес.,2,"""Газпром"" (ПАО) ао",,FNDT,EQIN,,0.01,136.66,SUR,2025-01-23,23673512900,RU0007661625,Gazprom,1-02-00028-A,136.1,SUR,1,1,2025-01-27,2023-10-28
GAZP,TQBR,ГАЗПРОМ ао,137.84,10,5,A,Т+: Акции и ДР - безадрес.,2,"""Газпром"" (ПАО) ао",,FNDT,EQIN,,0.01,136.66,SUR,2025-01-23,23673512900,RU0007661625,Gazprom,1-02-00028-A,136.1,SUR,1,1,2025-01-27,2023-10-29
GAZP,TQBR,ГАЗПРОМ ао,137.84,10,5,A,Т+: Акции и ДР - безадрес.,2,"""Газпром"" (ПАО) ао",,FNDT,EQIN,,0.01,136.66,SUR,2025-01-23,23673512900,RU0007661625,Gazprom,1-02-00028-A,136.1,SUR,1,1,2025-01-27,2023-10-30
GAZP,TQBR,ГАЗПРОМ ао,137.84,10,5,A,Т+: Акции и ДР - безадрес.,2,"""Газпром"" (ПАО) ао",,FNDT,EQIN,,0.01,136.66,SUR,2025-01-23,23673512900,RU0007661625,Gazprom,1-02-00028-A,136.1,SUR,1,1,2025-01-27,2023-10-31
GAZP,TQBR,ГАЗПРОМ ао,137.84,10,5,A,Т+: Акции и ДР - безадрес.,2,"""Газпром"" (ПАО) ао",,FNDT,EQIN,,0.01,136.66,SUR,2025-01-23,23673512900,RU0007661625,Gazprom,1-02-00028-A,136.1,SUR,1,1,2025-01-27,2023-11-01
GAZP,TQBR,ГАЗПРОМ ао,137.84,10,5,A,Т+: Акции и ДР - безадрес.,2,"""Газпром"" (ПАО) ао",,FNDT,EQIN,,0.01,136.66,SUR,2025-01-23,23673512900,RU0007661625,Gazprom,1-02-00028-A,136.1,SUR,1,1,2025-01-27,2023-11-02
GAZP,TQBR,ГАЗПРОМ ао,137.84,10,5,A,Т+: Акции и ДР - безадрес.,2,"""Газпром"" (ПАО) ао",,FNDT,EQIN,,0.01,136.66,SUR,2025-01-23,23673512900,RU0007661625,Gazprom,1-02-00028-A,136.1,SUR,1,1,2025-01-27,2023-11-03
GAZP,TQBR,ГАЗПРОМ ао,137.84,10,5,A,Т+: Акции и ДР - безадрес.,2,"""Газпром"" (ПАО) ао",,FNDT,EQIN,,0.01,136.66,SUR,2025-01-23,23673512900,RU0007661625,Gazprom,1-02-00028-A,136.1,SUR,1,1,2025-01-27,2023-11-04
GAZP,TQBR,ГАЗПРОМ ао,137.84,10,5,A,Т+: Акции и ДР - безадрес.,2,"""Газпром"" (ПАО) ао",,FNDT,EQIN,,0.01,136.66,SUR,2025-01-23,23673512900,RU0007661625,Gazprom,1-02-00028-A,136.1,SUR,1,1,2025-01-27,2023-11-05
GAZP,TQBR,ГАЗПРОМ ао,137.84,10,5,A,Т+: Акции и ДР - безадрес.,2,"""Газпром"" (ПАО) ао",,FNDT,EQIN,,0.01,136.66,SUR,2025-01-23,23673512900,RU0007661625,Gazprom,1-02-00028-A,136.1,SUR,1,1,2025-01-27,2023-11-06
GAZP,TQBR,ГАЗПРОМ ао,137.84,10,5,A,Т+: Акции и ДР - безадрес.,2,"""Газпром"" (ПАО) ао",,FNDT,EQIN,,0.01,136.66,SUR,2025-01-23,23673512900,RU0007661625,Gazprom,1-02-00028-A,136.1,SUR,1,1,2025-01-27,2023-11-07
GAZP,TQBR,ГАЗПРОМ ао,137.84,10,5,A,Т+: Акции и ДР - безадрес.,2,"""Газпром"" (ПАО) ао",,FNDT,EQIN,,0.01,136.66,SUR,2025-01-23,23673512900,RU0007661625,Gazprom,1-02-00028-A,136.1,SUR,1,1,2025-01-27,2023-11-08
GAZP,TQBR,ГАЗПРОМ ао,137.84,10,5,A,Т+: Акции и ДР - безадрес.,2,"""Газпром"" (ПАО) ао",,FNDT,EQIN,,0.01,136.66,SUR,2025-01-23,23673512900,RU0007661625,Gazprom,1-02-00028-A,136.1,SUR,1,1,2025-01-27,2023-11-09
GAZP,TQBR,ГАЗПРОМ ао,137.84,10,5,A,Т+: Акции и ДР - безадрес.,2,"""Газпром"" (ПАО) ао",,FNDT,EQIN,,0.01,136.66,SUR,2025-01-23,23673512900,RU0007661625,Gazprom,1-02-00028-A,136.1,SUR,1,1,2025-01-27,2023-11-10
GAZP,TQBR,ГАЗПРОМ ао,137.84,10,5,A,Т+: Акции и ДР - безадрес.,2,"""Газпром"" (ПАО) ао",,FNDT,EQIN,,0.01,136.66,SUR,2025-01-23,23673512900,RU0007661625,Gazprom,1-02-00028-A,136.1,SUR,1,1,2025-01-27,2023-11-11
GAZP,TQBR,ГАЗПРОМ ао,137.84,10,5,A,Т+: Акции и ДР - безадрес.,2,"""Газпром"" (ПАО) ао",,FNDT,EQIN,,0.01,136.66,SUR,2025-01-23,23673512900,RU0007661625,Gazprom,1-02-00028-A,136.1,SUR,1,1,2025-01-27,2023-11-12
GAZP,TQBR,ГАЗПРОМ ао,137.84,10,5,A,Т+: Акции и ДР - безадрес.,2,"""Газпром"" (ПАО) ао",,FNDT,EQIN,,0.01,136.66,SUR,2025-01-23,23673512900,RU0007661625,Gazprom,1-02-00028-A,136.1,SUR,1,1,2025-01-27,2023-11-13
GAZP,TQBR,ГАЗПРОМ ао,137.84,10,5,A,Т+: Акции и ДР - безадрес.,2,"""Газпром"" (ПАО) ао",,FNDT,EQIN,,0.01,136.66,SUR,2025-01-23,23673512900,RU0007661625,Gazprom,1-02-00028-A,136.1,SUR,1,1,2025-01-27,2023-11-14
GAZP,TQBR,ГАЗПРОМ ао,137.84,10,5,A,Т+: Акции и ДР - безадрес.,2,"""Газпром"" (ПАО) ао",,FNDT,EQIN,,0.01,136.66,SUR,2025-01-23,23673512900,RU0007661625,Gazprom,1-02-00028-A,136.1,SUR,1,1,2025-01-27,2023-11-15
GAZP,TQBR,ГАЗПРОМ ао,137.84,10,5,A,Т+: Акции и ДР - безадрес.,2,"""Газпром"" (ПАО) ао",,FNDT,EQIN,,0.01,136.66,SUR,2025-01-23,23673512900,RU0007661625,Gazprom,1-02-00028-A,136.1,SUR,1,1,2025-01-27,2023-11-16
GAZP,TQBR,ГАЗПРОМ ао,137.84,10,5,A,Т+: Акции и ДР - безадрес.,2,"""Газпром"" (ПАО) ао",,FNDT,EQIN,,0.01,136.66,SUR,2025-01-23,23673512900,RU0007661625,Gazprom,1-02-00028-A,136.1,SUR,1,1,2025-01-27,2023-11-17
GAZP,TQBR,ГАЗПРОМ ао,137.84,10,5,A,Т+: Акции и ДР - безадрес.,2,"""Газпром"" (ПАО) ао",,FNDT,EQIN,,0.01,136.66,SUR,2025-01-23,23673512900,RU0007661625,Gazprom,1-02-00028-A,136.1,SUR,1,1,2025-01-27,2023-11-18
GAZP,TQBR,ГАЗПРОМ ао,137.84,10,5,A,Т+: Акции и ДР - безадрес.,2,"""Газпром"" (ПАО) ао",,FNDT,EQIN,,0.01,136.66,SUR,2025-01-23,23673512900,RU0007661625,Gazprom,1-02-00028-A,136.1,SUR,1,1,2025-01-27,2023-11-19
GAZP,TQBR,ГАЗПРОМ ао,137.84,10,5,A,Т+: Акции и ДР - безадрес.,2,"""Газпром"" (ПАО) ао",,FNDT,EQIN,,0.01,136.66,SUR,2025-01-23,23673512900,RU0007661625,Gazprom,1-02-00028-A,136.1,SUR,1,1,2025-01-27,2023-11-20
GAZP,TQBR,ГАЗПРОМ ао,137.84,10,5,A,Т+: Акции и ДР - безадрес.,2,"""Газпром"" (ПАО) ао",,FNDT,EQIN,,0.01,136.66,SUR,2025-01-23,23673512900,RU0007661625,Gazprom,1-02-00028-A,136.1,SUR,1,1,2025-01-27,2023-11-21
GAZP,TQBR,ГАЗПРОМ ао,137.84,10,5,A,Т+: Акции и ДР - безадрес.,2,"""Газпром"" (ПАО) ао",,FNDT,EQIN,,0.01,136.66,SUR,2025-01-23,23673512900,RU0007661625,Gazprom,1-02-00028-A,136.1,SUR,1,1,2025-01-27,2023-11-22
GAZP,TQBR,ГАЗПРОМ ао,137.84,10,5,A,Т+: Акции и ДР - безадрес.,2,"""Газпром"" (ПАО) ао",,FNDT,EQIN,,0.01,136.66,SUR,2025-01-23,23673512900,RU0007661625,Gazprom,1-02-00028-A,136.1,SUR,1,1,2025-01-27,2023-11-23
GAZP,TQBR,ГАЗПРОМ ао,137.84,10,5,A,Т+: Акции и ДР - безадрес.,2,"""Газпром"" (ПАО) ао",,FNDT,EQIN,,0.01,136.66,SUR,2025-01-23,23673512900,RU0007661625,Gazprom,1-02-00028-A,136.1,SUR,1,1,2025-01-27,2023-11-24
GAZP,TQBR,ГАЗПРОМ ао,137.84,10,5,A,Т+: Акции и ДР - безадрес.,2,"""Газпром"" (ПАО) ао",,FNDT,EQIN,,0.01,136.66,SUR,2025-01-23,23673512900,RU0007661625,Gazprom,1-02-00028-A,136.1,SUR,1,1,2025-01-27,2023-11-25
GAZP,TQBR,ГАЗПРОМ ао,137.84,10,5,A,Т+: Акции и ДР - безадрес.,2,"""Газпром"" (ПАО) ао",,FNDT,EQIN,,0.01,136.66,SUR,2025-01-23,23673512900,RU0007661625,Gazprom,1-02-00028-A,136.1,SUR,1,1,2025-01-27,2023-11-26
GAZP,TQBR,ГАЗПРОМ ао,137.84,10,5,A,Т+: Акции и ДР - безадрес.,2,"""Газпром"" (ПАО) ао",,FNDT,EQIN,,0.01,136.66,SUR,2025-01-23,23673512900,RU0007661625,Gazprom,1-02-00028-A,136.1,SUR,1,1,2025-01-27,2023-11-27
GAZP,TQBR,ГАЗПРОМ ао,137.84,10,5,A,Т+: Акции и ДР - безадрес.,2,"""Газпром"" (ПАО) ао",,FNDT,EQIN,,0.01,136.66,SUR,2025-01-23,23673512900,RU0007661625,Gazprom,1-02-00028-A,136.1,SUR,1,1,2025-01-27,2023-11-28
GAZP,TQBR,ГАЗПРОМ ао,137.84,10,5,A,Т+: Акции и ДР - безадрес.,2,"""Газпром"" (ПАО) ао",,FNDT,EQIN,,0.01,136.66,SUR,2025-01-23,23673512900,RU0007661625,Gazprom,1-02-00028-A,136.1,SUR,1,1,2025-01-27,2023-11-29
GAZP,TQBR,ГАЗПРОМ ао,137.84,10,5,A,Т+: Акции и ДР - безадрес.,2,"""Газпром"" (ПАО) ао",,FNDT,EQIN,,0.01,136.66,SUR,2025-01-23,23673512900,RU0007661625,Gazprom,1-02-00028-A,136.1,SUR,1,1,2025-01-27,2023-11-30
GAZP,TQBR,ГАЗПРОМ ао,137.84,10,5,A,Т+: Акции и ДР - безадрес.,2,"""Газпром"" (ПАО) ао",,FNDT,EQIN,,0.01,136.66,SUR,2025-01-23,23673512900,RU0007661625,Gazprom,1-02-00028-A,136.1,SUR,1,1,2025-01-27,2023-12-01
GAZP,TQBR,ГАЗПРОМ ао,137.84,10,5,A,Т+: Акции и ДР - безадрес.,2,"""Газпром"" (ПАО) ао",,FNDT,EQIN,,0.01,136.66,SUR,2025-01-23,23673512900,RU0007661625,Gazprom,1-02-00028-A,136.1,SUR,1,1,2025-01-27,2023-12-02
GAZP,TQBR,ГАЗПРОМ ао,137.84,10,5,A,Т+: Акции и ДР - безадрес.,2,"""Газпром"" (ПАО) ао",,FNDT,EQIN,,0.01,136.66,SUR,2025-01-23,23673512900,RU0007661625,Gazprom,1-02-00028-A,136.1,SUR,1,1,2025-01-27,2023-12-03
GAZP,TQBR,ГАЗПРОМ ао,137.84,10,5,A,Т+: Акции и ДР - безадрес.,2,"""Газпром"" (ПАО) ао",,FNDT,EQIN,,0.01,136.66,SUR,2025-01-23,23673512900,RU0007661625,Gazprom,1-02-00028-A,136.1,SUR,1,1,2025-01-27,2023-12-04
GAZP,TQBR,ГАЗПРОМ ао,137.84,10,5,A,Т+: Акции и ДР - безадрес.,2,"""Газпром"" (ПАО) ао",,FNDT,EQIN,,0.01,136.66,SUR,2025-01-23,23673512900,RU0007661625,Gazprom,1-02-00028-A,136.1,SUR,1,1,2025-01-27,2023-12-05
GAZP,TQBR,ГАЗПРОМ ао,137.84,10,5,A,Т+: Акции и ДР - безадрес.,2,"""Газпром"" (ПАО) ао",,FNDT,EQIN,,0.01,136.66,SUR,2025-01-23,23673512900,RU0007661625,Gazprom,1-02-00028-A,136.1,SUR,1,1,2025-01-27,2023-12-06
GAZP,TQBR,ГАЗПРОМ ао,137.84,10,5,A,Т+: Акции и ДР - безадрес.,2,"""Газпром"" (ПАО) ао",,FNDT,EQIN,,0.01,136.66,SUR,2025-01-23,23673512900,RU0007661625,Gazprom,1-02-00028-A,136.1,SUR,1,1,2025-01-27,2023-12-07
GAZP,TQBR,ГАЗПРОМ ао,137.84,10,5,A,Т+: Акции и ДР - безадрес.,2,"""Газпром"" (ПАО) ао",,FNDT,EQIN,,0.01,136.66,SUR,2025-01-23,23673512900,RU0007661625,Gazprom,1-02-00028-A,136.1,SUR,1,1,2025-01-27,2023-12-08
GAZP,TQBR,ГАЗПРОМ ао,137.84,10,5,A,Т+: Акции и ДР - безадрес.,2,"""Газпром"" (ПАО) ао",,FNDT,EQIN,,0.01,136.66,SUR,2025-01-23,23673512900,RU0007661625,Gazprom,1-02-00028-A,136.1,SUR,1,1,2025-01-27,2023-12-09
GAZP,TQBR,ГАЗПРОМ ао,137.84,10,5,A,Т+: Акции и ДР - безадрес.,2,"""Газпром"" (ПАО) ао",,FNDT,EQIN,,0.01,136.66,SUR,2025-01-23,23673512900,RU0007661625,Gazprom,1-02-00028-A,136.1,SUR,1,1,2025-01-27,2023-12-10
GAZP,TQBR,ГАЗПРОМ ао,137.84,10,5,A,Т+: Акции и ДР - безадрес.,2,"""Газпром"" (ПАО) ао",,FNDT,EQIN,,0.01,136.66,SUR,2025-01-23,23673512900,RU0007661625,Gazprom,1-02-00028-A,136.1,SUR,1,1,2025-01-27,2023-12-11
GAZP,TQBR,ГАЗПРОМ ао,137.84,10,5,A,Т+: Акции и ДР - безадрес.,2,"""Газпром"" (ПАО) ао",,FNDT,EQIN,,0.01,136.66,SUR,2025-01-23,23673512900,RU0007661625,Gazprom,1-02-00028-A,136.1,SUR,1,1,2025-01-27,2023-12-12
GAZP,TQBR,ГАЗПРОМ ао,137.84,10,5,A,Т+: Акции и ДР - безадрес.,2,"""Газпром"" (ПАО) ао",,FNDT,EQIN,,0.01,136.66,SUR,2025-01-23,23673512900,RU0007661625,Gazprom,1-02-00028-A,136.1,SUR,1,1,2025-01-27,2023-12-13
GAZP,TQBR,ГАЗПРОМ ао,137.84,10,5,A,Т+: Акции и ДР - безадрес.,2,"""Газпром"" (ПАО) ао",,FNDT,EQIN,,0.01,136.66,SUR,2025-01-23,23673512900,RU0007661625,Gazprom,1-02-00028-A,136.1,SUR,1,1,2025-01-27,2023-12-14
GAZP,TQBR,ГАЗПРОМ ао,137.84,10,5,A,Т+: Акции и ДР - безадрес.,2,"""Газпром"" (ПАО) ао",,FNDT,EQIN,,0.01,136.66,SUR,2025-01-23,23673512900,RU0007661625,Gazprom,1-02-00028-A,136.1,SUR,1,1,2025-01-27,2023-12-15
GAZP,TQBR,ГАЗПРОМ ао,137.84,10,5,A,Т+: Акции и ДР - безадрес.,2,"""Газпром"" (ПАО) ао",,FNDT,EQIN,,0.01,136.66,SUR,2025-01-23,23673512900,RU0007661625,Gazprom,1-02-00028-A,136.1,SUR,1,1,2025-01-27,2023-12-16
GAZP,TQBR,ГАЗПРОМ ао,137.84,10,5,A,Т+: Акции и ДР - безадрес.,2,"""Газпром"" (ПАО) ао",,FNDT,EQIN,,0.01,136.66,SUR,2025-01-23,23673512900,RU0007661625,Gazprom,1-02-00028-A,136.1,SUR,1,1,2025-01-27,2023-12-17
GAZP,TQBR,ГАЗПРОМ ао,137.84,10,5,A,Т+: Акции и ДР - безадрес.,2,"""Газпром"" (ПАО) ао",,FNDT,EQIN,,0.01,136.66,SUR,2025-01-23,23673512900,RU0007661625,Gazprom,1-02-00028-A,136.1,SUR,1,1,2025-01-27,2023-12-18
GAZP,TQBR,ГАЗПРОМ ао,137.84,10,5,A,Т+: Акции и ДР - безадрес.,2,"""Газпром"" (ПАО) ао",,FNDT,EQIN,,0.01,136.66,SUR,2025-01-23,23673512900,RU0007661625,Gazprom,1-02-00028-A,136.1,SUR,1,1,2025-01-27,2023-12-19
GAZP,TQBR,ГАЗПРОМ ао,137.84,10,5,A,Т+: Акции и ДР - безадрес.,2,"""Газпром"" (ПАО) ао",,FNDT,EQIN,,0.01,136.66,SUR,2025-01-23,23673512900,RU0007661625,Gazprom,1-02-00028-A,136.1,SUR,1,1,2025-01-27,2023-12-20
GAZP,TQBR,ГАЗПРОМ ао,137.84,10,5,A,Т+: Акции и ДР - безадрес.,2,"""Газпром"" (ПАО) ао",,FNDT,EQIN,,0.01,136.66,SUR,2025-01-23,23673512900,RU0007661625,Gazprom,1-02-00028-A,136.1,SUR,1,1,2025-01-27,2023-12-21
GAZP,TQBR,ГАЗПРОМ ао,137.84,10,5,A,Т+: Акции и ДР - безадрес.,2,"""Газпром"" (ПАО) ао",,FNDT,EQIN,,0.01,136.66,SUR,2025-01-23,23673512900,RU0007661625,Gazprom,1-02-00028-A,136.1,SUR,1,1,2025-01-27,2023-12-22
GAZP,TQBR,ГАЗПРОМ ао,137.84,10,5,A,Т+: Акции и ДР - безадрес.,2,"""Газпром"" (ПАО) ао",,FNDT,EQIN,,0.01,136.66,SUR,2025-01-23,23673512900,RU0007661625,Gazprom,1-02-00028-A,136.1,SUR,1,1,2025-01-27,2023-12-23
GAZP,TQBR,ГАЗПРОМ ао,137.84,10,5,A,Т+: Акции и ДР - безадрес.,2,"""Газпром"" (ПАО) ао",,FNDT,EQIN,,0.01,136.66,SUR,2025-01-23,23673512900,RU0007661625,Gazprom,1-02-00028-A,136.1,SUR,1,1,2025-01-27,2023-12-24
GAZP,TQBR,ГАЗПРОМ ао,137.84,10,5,A,Т+: Акции и ДР - безадрес.,2,"""Газпром"" (ПАО) ао",,FNDT,EQIN,,0.01,136.66,SUR,2025-01-23,23673512900,RU0007661625,Gazprom,1-02-00028-A,136.1,SUR,1,1,2025-01-27,2023-12-25
GAZP,TQBR,ГАЗПРОМ ао,137.84,10,5,A,Т+: Акции и ДР - безадрес.,2,"""Газпром"" (ПАО) ао",,FNDT,EQIN,,0.01,136.66,SUR,2025-01-23,23673512900,RU0007661625,Gazprom,1-02-00028-A,136.1,SUR,1,1,2025-01-27,2023-12-26
GAZP,TQBR,ГАЗПРОМ ао,137.84,10,5,A,Т+: Акции и ДР - безадрес.,2,"""Газпром"" (ПАО) ао",,FNDT,EQIN,,0.01,136.66,SUR,2025-01-23,23673512900,RU0007661625,Gazprom,1-02-00028-A,136.1,SUR,1,1,2025-01-27,2023-12-27
GAZP,TQBR,ГАЗПРОМ ао,137.84,10,5,A,Т+: Акции и ДР - безадрес.,2,"""Газпром"" (ПАО) ао",,FNDT,EQIN,,0.01,136.66,SUR,2025-01-23,23673512900,RU0007661625,Gazprom,1-02-00028-A,136.1,SUR,1,1,2025-01-27,2023-12-28
GAZP,TQBR,ГАЗПРОМ ао,137.84,10,5,A,Т+: Акции и ДР - безадрес.,2,"""Газпром"" (ПАО) ао",,FNDT,EQIN,,0.01,136.66,SUR,2025-01-23,23673512900,RU0007661625,Gazprom,1-02-00028-A,136.1,SUR,1,1,2025-01-27,2023-12-29
GAZP,TQBR,ГАЗПРОМ ао,137.84,10,5,A,Т+: Акции и ДР - безадрес.,2,"""Газпром"" (ПАО) ао",,FNDT,EQIN,,0.01,136.66,SUR,2025-01-23,23673512900,RU0007661625,Gazprom,1-02-00028-A,136.1,SUR,1,1,2025-01-27,2023-12-30
GAZP,TQBR,ГАЗПРОМ ао,137.84,10,5,A,Т+: Акции и ДР - безадрес.,2,"""Газпром"" (ПАО) ао",,FNDT,EQIN,,0.01,136.66,SUR,2025-01-23,23673512900,RU0007661625,Gazprom,1-02-00028-A,136.1,SUR,1,1,2025-01-27,2023-12-31
